region,production_field,2017,2018,2019,2020
Российская Федерация,ДОБЫЧА ПОЛЕЗНЫХ ИСКОПАЕМЫХ,13916164842.7,18193869946.9,18324126764.6,14498899587.47
Российская Федерация,    Добыча угля,1228407037.2,1567150715.0,1392653943.1,1100662073.7
Российская Федерация,        Добыча и обогащение угля и антрацита,1151523295.3,1472893432.7,1302804276.8,1012753539.5
Российская Федерация,        Добыча и обогащение бурого угля (лигнита),76883741.9,94257282.3,89849666.3,87908534.2
Российская Федерация,    Добыча нефти и природного газа,9286030086.5,12873614752.9,12859340521.7,8945389674.8
Российская Федерация,            Добыча нефти и нефтяного (попутного) газа,7834483516.2,11078752763.1,11019125179.5,7322251760.6
Российская Федерация,            Добыча природного газа и газового конденсата,1451546570.3,1794861989.8,1840215342.2,1623137914.2
Российская Федерация,    Добыча металлических руд,1026605432.3,1198575557.4,1204019815.9,1553850593.15
Российская Федерация,            Добыча и обогащение железных руд,348487085.6,420883117.2,502392245.3,525167647.8
Российская Федерация,        Добыча руд цветных металлов,678118346.7,777692440.2,701627570.6,1028682945.35
Российская Федерация,    Добыча прочих полезных ископаемых,574665182.8,614362547.5,577723704.2,557738899.52
Российская Федерация,"        Добыча камня, песка и глины",204348076.3,231132102.1,247037933.9,250949629.86
Российская Федерация,"        Добыча полезных ископаемых, не включенных в другие группировки",370317106.4,383230445.4,330685770.3,306789269.66
Российская Федерация,    Предоставление услуг в области добычи полезных ископаемых,1800457104.1,1940166374.1,2290388780.2,2341258346.3
Российская Федерация,        Предоставление услуг в области добычи нефти и природного газа,1776098990.3,1902223207.8,2237497451.7,2295347459.3
Российская Федерация,        Предоставление услуг в других областях добычи полезных ископаемых,24358113.8,37943166.3,52891328.8,45910887.0
Российская Федерация,ОБРАБАТЫВАЮЩИЕ ПРОИЗВОДСТВА,38712462741.97,44599511887.91,47436024531.27,47782550088.77
Российская Федерация,    Производство пищевых продуктов,5470795583.14,5818185364.43,6415791382.79,6985260943.7
Российская Федерация,        Переработка и консервирование мяса и мясной пищевой продукции,1432820215.07,1562775026.64,1720048495.95,1795844829.9
Российская Федерация,"        Переработка и консервирование рыбы, ракообразных и моллюсков",352414876.5,421750527.3,482083906.68,461107577.71
Российская Федерация,        Переработка и консервирование фруктов и овощей,136404991.84,175231632.44,201963409.26,210854970.04
Российская Федерация,        Производство растительных и животных масел и жиров,464025115.9,467249480.76,528953450.1,725838990.3
Российская Федерация,        Производство молочной продукции,859043792.31,910501545.95,972878974.84,1076242905.34
Российская Федерация,"        Производство продуктов мукомольной и крупяной промышленности, крахмала и крахмалосодержащих продуктов",203246710.05,213347240.59,261169808.81,284187823.37
Российская Федерация,        Производство хлебобулочных и мучных кондитерских изделий,554463341.37,547013626.12,594459917.54,624470737.03
Российская Федерация,        Производство прочих пищевых продуктов,1056622153.1,1056934493.23,1132006262.5,1262829009.03
Российская Федерация,        Производство готовых кормов для животных,411754387.2,463381791.4,522227154.71,543884101.26
Российская Федерация,    Производство напитков,705770516.3,755030409.95,820058645.4,831066242.89
Российская Федерация,    Производство табачных изделий,174839920.1,223719663.7,208033712.7,243868801.0
Российская Федерация,    Производство текстильных изделий,203033405.21,230282797.41,239186168.66,281042937.22
Российская Федерация,            Подготовка и прядение текстильных волокон,11591491.0,8808877.0,7402905.7,6933629.2
Российская Федерация,            Производство текстильных тканей,52559084.3,59069069.8,58769115.9,73008448.7
Российская Федерация,            Отделка тканей и текстильных изделий,8531940.7,5137081.5,6423159.48,7328697.2
Российская Федерация,        Производство прочих текстильных изделий,130350889.21,157267769.11,166590987.58,193772162.12
Российская Федерация,    Производство одежды,172302498.27,192899322.24,196936054.9,214684636.46
Российская Федерация,"        Производство одежды, кроме одежды из меха",153756438.61,173524900.06,178709579.32,198388209.86
Российская Федерация,            Производство меховых изделий,2699769.5,3193088.2,3296170.2,2644537.8
Российская Федерация,        Производство вязаных и трикотажных изделий одежды,15846290.16,16181333.98,14930305.38,13651888.8
Российская Федерация,    Производство кожи и изделий из кожи,76528445.53,80117816.1,76315981.92,70676838.49
Российская Федерация,"        Дубление и отделка кожи, производство чемоданов, сумок, шорно-седельных изделий из кожи; выделка и крашение меха",28304453.85,25449337.4,23167692.02,19552668.22
Российская Федерация,        Производство обуви,48223991.78,54668478.6,53148289.9,51124170.27
Российская Федерация,"    Обработка древесины и производство изделий из дерева и пробки, кроме мебели, производство изделий из соломки и материалов для плетения",548647043.77,673288844.4,714280441.26,740423072.24
Российская Федерация,        Распиловка и строгание древесины,222617298.21,262933283.69,285933177.79,302859177.32
Российская Федерация,"        Производство изделий из дерева, пробки, соломки и материалов для плетения",326029745.16,410355560.71,428347263.47,437563894.92
Российская Федерация,    Производство бумаги и бумажных изделий,768108440.3,921691698.35,930992889.43,947536238.36
Российская Федерация,"        Производство целлюлозы, древесной массы, бумаги и картона",344737201.6,446309487.2,408067894.0,397712390.76
Российская Федерация,        Производство изделий из бумаги и картона,423371238.7,475382211.15,522924995.43,549823847.6
Российская Федерация,    Деятельность полиграфическая и копирование носителей информации,255932285.57,263451061.89,283756177.3,277739884.54
Российская Федерация,        Деятельность полиграфическая и предоставление услуг в этой области,253772428.57,260940141.09,273777601.5,276058931.14
Российская Федерация,            Копирование записанных носителей информации,2159857.0,2510920.8,9978575.8,1680953.4
Российская Федерация,    Производство кокса и нефтепродуктов,8202805005.1,10397415355.4,10253618614.8,8479032099.3
Российская Федерация,        Производство кокса,167405023.4,172791041.4,163197962.0,143082988.8
Российская Федерация,        Производство нефтепродуктов,8035311839.4,10224199287.5,10089666624.6,8334933262.5
Российская Федерация,"        Агломерация угля, антрацита и бурого угля (лигнита) и производство термоуглей",88142.3,425026.5,754028.2,1015848.0
Российская Федерация,    Производство химических веществ и химических продуктов,2742593033.47,3265832716.2,3280445610.96,3405441115.69
Российская Федерация,"        Производство основных химических веществ, удобрений и азотных соединений, пластмасс и синтетического каучука в первичных формах",2041349268.0,2493247892.54,2487144172.96,2546500132.31
Российская Федерация,            Производство пестицидов и прочих агрохимических продуктов,41820426.2,45533998.35,48139252.2,67630766.85
Российская Федерация,"            Производство красок, лаков и аналогичных материалов для нанесения покрытий, полиграфических красок и мастик",116432152.8,128313870.8,140602347.7,158286083.73
Российская Федерация,"        Производство мыла и моющих, чистящих и полирующих средств; парфюмерных и косметических средств",281336848.67,305772000.41,322586968.0,363476566.1
Российская Федерация,        Производство прочих химических продуктов,239351556.4,268766393.5,258739819.0,246024015.8
Российская Федерация,            Производство химических волокон,22302781.4,24198560.6,23233052.2,23523551.1
Российская Федерация,"    Производство лекарственных средств и материалов, применяемых в медицинских целях",500371764.6,557797849.7,638767236.1,911759861.56
Российская Федерация,        Производство фармацевтических субстанций,31306423.9,23734448.9,32076247.4,61503125.6
Российская Федерация,"        Производство лекарственных препаратов и материалов, применяемых в медицинских целях",469065340.7,534063400.8,606690988.7,850256735.96
Российская Федерация,    Производство резиновых и пластмассовых изделий,1019689909.8,1160522995.1,1218552865.76,1317063724.76
Российская Федерация,        Производство резиновых изделий,209607002.8,237094945.2,230064956.5,244058567.6
Российская Федерация,        Производство изделий из пластмасс,810082907.0,923428049.9,988487909.46,1073005157.16
Российская Федерация,    Производство прочей неметаллической минеральной продукции,1443784899.43,1602972132.35,1752046405.9,1787809190.65
Российская Федерация,        Производство стекла и изделий из стекла,206035069.6,231123105.9,231274455.4,253644400.88
Российская Федерация,            Производство огнеупорных изделий,68163599.5,72888031.8,80770914.6,74585605.2
Российская Федерация,        Производство строительных керамических материалов,99024501.1,104430398.54,112589613.16,109502764.85
Российская Федерация,        Производство прочих фарфоровых и керамических изделий,33849807.8,39183957.8,31969585.91,33332580.9
Российская Федерация,"        Производство цемента, извести и гипса",232241715.8,236209171.2,260878738.1,260139365.28
Российская Федерация,"        Производство изделий из бетона, цемента и гипса",538471683.76,579479371.15,650428659.43,681823429.0
Российская Федерация,"            Резка, обработка и отделка камня",29072094.79,32335327.96,34286788.1,27724505.69
Российская Федерация,"        Производство абразивных и неметаллических минеральных изделий, не включенных в другие группировки",236926427.08,307322767.6,349847650.4,347056539.25
Российская Федерация,    Производство металлургическое,5165507765.06,6099608867.65,7087416259.5,7817660354.33
Российская Федерация,"            Производство чугуна, стали и ферросплавов",2304628251.56,2836898537.06,2702110676.3,2718397393.51
Российская Федерация,"            Производство стальных труб, полых профилей и фитингов",617172192.1,704871184.6,719598572.8,604888239.5
Российская Федерация,        Производство прочих стальных изделий первичной обработкой,194576651.5,226893221.19,239921201.4,246810132.6
Российская Федерация,"        Производство основных драгоценных металлов и прочих цветных металлов, производство ядерного топлива",1975027810.9,2246405045.4,3339205700.0,4167363911.85
Российская Федерация,        Литье металлов,74102859.0,84540879.4,86580109.0,80200676.87
Российская Федерация,"    Производство готовых металлических изделий, кроме машин и оборудования",2296135056.68,2449546535.7,2713220582.94,2820203712.33
Российская Федерация,        Производство строительных металлических конструкций и изделий,477181378.7,567664877.21,551376017.45,619991174.62
Российская Федерация,"        Производство металлических цистерн, резервуаров и прочих емкостей",59693392.4,64812286.1,75018328.9,74017234.66
Российская Федерация,"        Производство паровых котлов, кроме котлов центрального отопления",84353723.0,82224232.5,88791120.3,86744045.23
Российская Федерация,"        Ковка, прессование, штамповка и профилирование; изготовление изделий методом порошковой металлургии",57478066.0,69993669.0,60226053.3,68033455.36
Российская Федерация,        Обработка металлов и нанесение покрытий на металлы; механическая обработка металлов,339303327.19,345422663.28,407179170.27,429695183.32
Российская Федерация,"        Производство ножевых изделий и столовых приборов, инструментов и универсальных скобяных изделий",41282336.2,45137070.85,44152936.6,44524149.35
Российская Федерация,"    Производство компьютеров, электронных и оптических изделий",1315062346.8,1357133835.1,1519203669.2,1528960509.51
Российская Федерация,    Производство электрического оборудования,907045171.58,1001513067.49,1041579367.3,1075859977.65
Российская Федерация,"        Производство электродвигателей, генераторов, трансформаторов и распределительных устройств, а также контрольно-измерительной аппаратуры",370887392.68,413689439.6,414885974.8,413671233.69
Российская Федерация,        Производство электрических аккумуляторов и аккумуляторных батарей,34727798.0,37389357.9,38198320.6,36102222.6
Российская Федерация,        Производство кабелей и кабельной арматуры,231886557.4,266323017.3,285603040.7,294819750.32
Российская Федерация,        Производство электрических ламп и осветительного оборудования,45427547.4,48655417.99,53721883.3,58382228.19
Российская Федерация,        Производство бытовых приборов,112310855.2,121912463.1,130191924.9,146519990.53
Российская Федерация,        Производство прочего электрического оборудования,111805020.9,113543371.6,118978223.0,126364552.22
Российская Федерация,"    Производство машин и оборудования, не включенных в другие группировки",1125420328.08,1249275941.07,1334048402.84,1440427596.5
Российская Федерация,        Производство машин и оборудования общего назначения,368126408.85,393317924.9,412457076.04,439211969.68
Российская Федерация,        Производство прочих машин и оборудования общего назначения,310584598.13,352861167.3,389500098.2,395683235.18
Российская Федерация,        Производство машин и оборудования для сельского и лесного хозяйства,128221280.5,123870900.8,120792706.1,168212614.79
Российская Федерация,"        Производство станков, машин и оборудования для обработки металлов и прочих твердых материалов",22322492.4,29766674.0,29657869.7,33585142.5
Российская Федерация,        Производство прочих машин специального назначения,296165548.2,349459273.67,381640653.3,403734634.35
Российская Федерация,"    Производство автотранспортных средств, прицепов и полуприцепов",2126154145.3,2549635355.35,2710317633.47,2565637260.22
Российская Федерация,        Производство автотранспортных средств,1627493071.0,1979682092.1,2057888405.1,1954448051.32
Российская Федерация,        Производство кузовов для автотранспортных средств; производство прицепов и полуприцепов,67672674.3,81182711.4,82949100.5,85069253.01
Российская Федерация,        Производство комплектующих и принадлежностей для автотранспортных средств,430988400.2,488770552.05,569480127.47,526119955.89
Российская Федерация,    Производство прочих транспортных средств и оборудования,2027117355.7,2163141122.9,2277119297.9,2212073246.94
Российская Федерация,        Производство железнодорожных локомотивов и подвижного состава,604460725.6,758357722.8,1008857773.7,797752938.04
Российская Федерация,"        Производство летательных аппаратов, включая космические, и соответствующего оборудования",966833002.0,920166461.5,838065624.3,873096164.15
Российская Федерация,"        Производство транспортных средств и оборудования, не включенных в другие группировки",12816340.5,12259768.9,11326756.3,13145315.6
Российская Федерация,    Производство мебели,253044916.1,282708727.37,289895674.77,308118740.76
Российская Федерация,    Производство прочих готовых изделий,216092099.0,239350815.57,265327419.87,300141804.6
Российская Федерация,"        Производство ювелирных изделий, бижутерии и подобных товаров",100661841.3,118794797.7,128052068.09,112451445.25
Российская Федерация,        Производство музыкальных инструментов,247295.5,500479.1,505278.7,584090.6
Российская Федерация,        Производство спортивных товаров,7718481.6,8813567.07,10467333.3,10210276.96
Российская Федерация,        Производство игр и игрушек,11779134.1,12187553.93,13066619.8,16253668.56
Российская Федерация,        Производство медицинских инструментов и оборудования,40407570.5,38018715.5,48560074.1,92299693.59
Российская Федерация,"        Производство изделий, не включенных в другие группировки",55277776.0,61035702.97,64676044.68,68342629.64
Российская Федерация,    Ремонт и монтаж машин и оборудования,995680806.58,1064389590.49,1169114032.8,1220061300.75
Российская Федерация,"ОБЕСПЕЧЕНИЕ ЭЛЕКТРИЧЕСКОЙ ЭНЕРГИЕЙ, ГАЗОМ И ПАРОМ; КОНДИЦИОНИРОВАНИЕ ВОЗДУХА",5379682101.53,5641920057.83,5805454072.83,5959974485.08
Российская Федерация,"    Обеспечение электрической энергией, газом и паром; кондиционирование воздуха",5379682101.53,5641920057.83,5805454072.83,5959974485.08
Российская Федерация,"        Производство, передача и распределение электроэнергии",3598838297.75,3786797960.98,3949300291.93,3927529399.67
Российская Федерация,        Производство и распределение газообразного топлива,218191811.5,225907326.0,222152400.6,277683002.41
Российская Федерация,"        Производство, передача и распределение пара и горячей воды; кондиционирование воздуха",1562651992.28,1629214770.85,1634001381.1,1754762083.0
Российская Федерация,"ВОДОСНАБЖЕНИЕ; ВОДООТВЕДЕНИЕ, ОРГАНИЗАЦИЯ СБОРА И УТИЛИЗАЦИИ ОТХОДОВ, ДЕЯТЕЛЬНОСТЬ ПО ЛИКВИДАЦИИ ЗАГРЯЗНЕНИЙ",1022498278.08,1185587419.24,1324312788.98,1428755173.09
Российская Федерация,"    Забор, очистка и распределение воды",277069237.68,293538606.35,301852233.48,322008997.89
Российская Федерация,        Сбор и обработка сточных вод,204752572.7,226786792.0,222766658.24,229662983.64
Российская Федерация,"    Сбор, обработка и утилизация отходов; обработка вторичного сырья",515320098.5,649369020.29,792143402.26,869199776.26
Российская Федерация,"    Предоставление услуг в области ликвидации последствий загрязнений и прочих услуг, связанных с удалением отходов",25356369.1,15893000.5,7550493.8,7883414.7
Российская Федерация,Промышленное производство (промышленность),59030807964.68,69620889311.88,72889918157.67,69670179334.33
Российская Федерация,"Производство готовых металлических изделий, не включенных в другие группировки",1236842833.19,1274291736.56,1486476956.22,1497198469.79
Российская Федерация,"Производство прочих транспортных средств, не включенных в другие группировки",443007287.6,472357169.7,418869143.6,528078829.15
    Центральный федеральный округ,ДОБЫЧА ПОЛЕЗНЫХ ИСКОПАЕМЫХ,1502690877.5,2099611109.4,2102477315.6,1443869199.7
    Центральный федеральный округ,ОБРАБАТЫВАЮЩИЕ ПРОИЗВОДСТВА,13196674862.83,15104469777.48,16610438006.25,17374220121.16
    Центральный федеральный округ,"ОБЕСПЕЧЕНИЕ ЭЛЕКТРИЧЕСКОЙ ЭНЕРГИЕЙ, ГАЗОМ И ПАРОМ; КОНДИЦИОНИРОВАНИЕ ВОЗДУХА",1691478631.75,1748280374.88,1753189819.96,1945376605.7
    Центральный федеральный округ,"ВОДОСНАБЖЕНИЕ; ВОДООТВЕДЕНИЕ, ОРГАНИЗАЦИЯ СБОРА И УТИЛИЗАЦИИ ОТХОДОВ, ДЕЯТЕЛЬНОСТЬ ПО ЛИКВИДАЦИИ ЗАГРЯЗНЕНИЙ",312144168.64,379124085.9,420235040.66,469637089.69
    Центральный федеральный округ,Промышленное производство (промышленность),16702988540.72,19331485347.56,20886340182.26,21233103016.45
        Белгородская область,ДОБЫЧА ПОЛЕЗНЫХ ИСКОПАЕМЫХ,116588313.5,148863422.7,178389894.9,189803813.7
        Белгородская область,ОБРАБАТЫВАЮЩИЕ ПРОИЗВОДСТВА,629092604.8,710828806.31,722699719.47,746380688.41
        Белгородская область,"ОБЕСПЕЧЕНИЕ ЭЛЕКТРИЧЕСКОЙ ЭНЕРГИЕЙ, ГАЗОМ И ПАРОМ; КОНДИЦИОНИРОВАНИЕ ВОЗДУХА",27030715.9,26805485.3,26542583.5,26787381.9
        Белгородская область,"ВОДОСНАБЖЕНИЕ; ВОДООТВЕДЕНИЕ, ОРГАНИЗАЦИЯ СБОРА И УТИЛИЗАЦИИ ОТХОДОВ, ДЕЯТЕЛЬНОСТЬ ПО ЛИКВИДАЦИИ ЗАГРЯЗНЕНИЙ",10614103.8,8936415.0,11404169.8,11175025.3
        Белгородская область,Промышленное производство (промышленность),783325738.0,895434129.31,939036367.47,974146909.31
        Брянская область,ДОБЫЧА ПОЛЕЗНЫХ ИСКОПАЕМЫХ,277427.7,261549.5,338027.3,310665.9
        Брянская область,ОБРАБАТЫВАЮЩИЕ ПРОИЗВОДСТВА,191018941.6,218544123.8,253661572.1,255686208.3
        Брянская область,"ОБЕСПЕЧЕНИЕ ЭЛЕКТРИЧЕСКОЙ ЭНЕРГИЕЙ, ГАЗОМ И ПАРОМ; КОНДИЦИОНИРОВАНИЕ ВОЗДУХА",16064108.9,17730258.7,17708749.5,17876399.5
        Брянская область,"ВОДОСНАБЖЕНИЕ; ВОДООТВЕДЕНИЕ, ОРГАНИЗАЦИЯ СБОРА И УТИЛИЗАЦИИ ОТХОДОВ, ДЕЯТЕЛЬНОСТЬ ПО ЛИКВИДАЦИИ ЗАГРЯЗНЕНИЙ",7347143.3,8901072.7,9258735.3,9588966.4
        Брянская область,Промышленное производство (промышленность),214707621.5,245437004.7,280967084.2,283462240.1
        Владимирская область,ДОБЫЧА ПОЛЕЗНЫХ ИСКОПАЕМЫХ,4003911.4,5005218.9,5425671.9,4965110.5
        Владимирская область,ОБРАБАТЫВАЮЩИЕ ПРОИЗВОДСТВА,406483639.23,448427737.2,491830249.31,526153656.11
        Владимирская область,"ОБЕСПЕЧЕНИЕ ЭЛЕКТРИЧЕСКОЙ ЭНЕРГИЕЙ, ГАЗОМ И ПАРОМ; КОНДИЦИОНИРОВАНИЕ ВОЗДУХА",33308180.36,36295121.0,37815667.16,37264660.97
        Владимирская область,"ВОДОСНАБЖЕНИЕ; ВОДООТВЕДЕНИЕ, ОРГАНИЗАЦИЯ СБОРА И УТИЛИЗАЦИИ ОТХОДОВ, ДЕЯТЕЛЬНОСТЬ ПО ЛИКВИДАЦИИ ЗАГРЯЗНЕНИЙ",9986624.8,11257184.5,11581929.2,12942570.39
        Владимирская область,Промышленное производство (промышленность),453782355.79,500985261.6,546653517.57,581325997.97
        Воронежская область,ДОБЫЧА ПОЛЕЗНЫХ ИСКОПАЕМЫХ,6282741.9,7726219.1,9026582.6,9230600.5
        Воронежская область,ОБРАБАТЫВАЮЩИЕ ПРОИЗВОДСТВА,422943623.6,448223412.7,505912516.6,552645129.4
        Воронежская область,"ОБЕСПЕЧЕНИЕ ЭЛЕКТРИЧЕСКОЙ ЭНЕРГИЕЙ, ГАЗОМ И ПАРОМ; КОНДИЦИОНИРОВАНИЕ ВОЗДУХА",88207265.3,99618105.83,110384800.9,137798961.7
        Воронежская область,"ВОДОСНАБЖЕНИЕ; ВОДООТВЕДЕНИЕ, ОРГАНИЗАЦИЯ СБОРА И УТИЛИЗАЦИИ ОТХОДОВ, ДЕЯТЕЛЬНОСТЬ ПО ЛИКВИДАЦИИ ЗАГРЯЗНЕНИЙ",12116144.9,13512418.1,15657245.0,18592053.8
        Воронежская область,Промышленное производство (промышленность),529549775.7,569080155.73,640981145.1,718266745.4
        Ивановская область,ДОБЫЧА ПОЛЕЗНЫХ ИСКОПАЕМЫХ,754680.2,971838.3,1237760.3,1170505.2
        Ивановская область,ОБРАБАТЫВАЮЩИЕ ПРОИЗВОДСТВА,133335467.9,152791673.1,158111515.2,184046210.8
        Ивановская область,"ОБЕСПЕЧЕНИЕ ЭЛЕКТРИЧЕСКОЙ ЭНЕРГИЕЙ, ГАЗОМ И ПАРОМ; КОНДИЦИОНИРОВАНИЕ ВОЗДУХА",32003154.6,31077060.8,29421045.8,28174991.4
        Ивановская область,"ВОДОСНАБЖЕНИЕ; ВОДООТВЕДЕНИЕ, ОРГАНИЗАЦИЯ СБОРА И УТИЛИЗАЦИИ ОТХОДОВ, ДЕЯТЕЛЬНОСТЬ ПО ЛИКВИДАЦИИ ЗАГРЯЗНЕНИЙ",4285184.6,4686647.3,5762633.9,6394404.2
        Ивановская область,Промышленное производство (промышленность),170378487.3,189527219.5,194532955.2,219786111.6
        Калужская область,ДОБЫЧА ПОЛЕЗНЫХ ИСКОПАЕМЫХ,3672184.1,3937936.0,3712914.3,4778744.1
        Калужская область,ОБРАБАТЫВАЮЩИЕ ПРОИЗВОДСТВА,672705723.5,830715979.7,882806003.4,883848076.8
        Калужская область,"ОБЕСПЕЧЕНИЕ ЭЛЕКТРИЧЕСКОЙ ЭНЕРГИЕЙ, ГАЗОМ И ПАРОМ; КОНДИЦИОНИРОВАНИЕ ВОЗДУХА",23199689.2,23282434.3,23566269.8,25199220.5
        Калужская область,"ВОДОСНАБЖЕНИЕ; ВОДООТВЕДЕНИЕ, ОРГАНИЗАЦИЯ СБОРА И УТИЛИЗАЦИИ ОТХОДОВ, ДЕЯТЕЛЬНОСТЬ ПО ЛИКВИДАЦИИ ЗАГРЯЗНЕНИЙ",8463450.1,10017198.0,9868975.9,10263402.5
        Калужская область,Промышленное производство (промышленность),708041046.9,867953548.0,919954163.4,924089443.9
        Костромская область,ДОБЫЧА ПОЛЕЗНЫХ ИСКОПАЕМЫХ,317428.3,400884.8,1021948.8,1151136.2
        Костромская область,ОБРАБАТЫВАЮЩИЕ ПРОИЗВОДСТВА,118263216.38,135819920.2,143962807.8,137460634.8
        Костромская область,"ОБЕСПЕЧЕНИЕ ЭЛЕКТРИЧЕСКОЙ ЭНЕРГИЕЙ, ГАЗОМ И ПАРОМ; КОНДИЦИОНИРОВАНИЕ ВОЗДУХА",39628210.8,36784728.6,41467418.1,32142719.0
        Костромская область,"ВОДОСНАБЖЕНИЕ; ВОДООТВЕДЕНИЕ, ОРГАНИЗАЦИЯ СБОРА И УТИЛИЗАЦИИ ОТХОДОВ, ДЕЯТЕЛЬНОСТЬ ПО ЛИКВИДАЦИИ ЗАГРЯЗНЕНИЙ",3100676.4,3374307.6,3608291.7,3817116.6
        Костромская область,Промышленное производство (промышленность),161309531.88,176379841.2,190060466.4,174571606.6
        Курская область,ДОБЫЧА ПОЛЕЗНЫХ ИСКОПАЕМЫХ,67782750.0,91249480.0,105884871.7,104702314.0
        Курская область,ОБРАБАТЫВАЮЩИЕ ПРОИЗВОДСТВА,176100175.2,194722555.4,197465869.8,210207310.4
        Курская область,"ОБЕСПЕЧЕНИЕ ЭЛЕКТРИЧЕСКОЙ ЭНЕРГИЕЙ, ГАЗОМ И ПАРОМ; КОНДИЦИОНИРОВАНИЕ ВОЗДУХА",60308600.5,58383081.5,60319708.5,57324742.9
        Курская область,"ВОДОСНАБЖЕНИЕ; ВОДООТВЕДЕНИЕ, ОРГАНИЗАЦИЯ СБОРА И УТИЛИЗАЦИИ ОТХОДОВ, ДЕЯТЕЛЬНОСТЬ ПО ЛИКВИДАЦИИ ЗАГРЯЗНЕНИЙ",4582104.4,9053093.4,8641986.6,6601104.2
        Курская область,Промышленное производство (промышленность),308773630.1,353408210.3,372312436.6,378835471.5
        Липецкая область,ДОБЫЧА ПОЛЕЗНЫХ ИСКОПАЕМЫХ,5765034.1,7051861.7,7731655.2,6843657.3
        Липецкая область,ОБРАБАТЫВАЮЩИЕ ПРОИЗВОДСТВА,628043268.2,756975670.3,683021815.9,737842641.0
        Липецкая область,"ОБЕСПЕЧЕНИЕ ЭЛЕКТРИЧЕСКОЙ ЭНЕРГИЕЙ, ГАЗОМ И ПАРОМ; КОНДИЦИОНИРОВАНИЕ ВОЗДУХА",25921159.6,25534033.2,24443387.1,23272161.3
        Липецкая область,"ВОДОСНАБЖЕНИЕ; ВОДООТВЕДЕНИЕ, ОРГАНИЗАЦИЯ СБОРА И УТИЛИЗАЦИИ ОТХОДОВ, ДЕЯТЕЛЬНОСТЬ ПО ЛИКВИДАЦИИ ЗАГРЯЗНЕНИЙ",10346719.9,12408955.8,11369353.1,11323568.2
        Липецкая область,Промышленное производство (промышленность),670076181.8,801970520.9,726566211.3,779282027.8
        Московская область,ДОБЫЧА ПОЛЕЗНЫХ ИСКОПАЕМЫХ,13869594.7,12744378.6,15399185.4,13840410.0
        Московская область,ОБРАБАТЫВАЮЩИЕ ПРОИЗВОДСТВА,2328070910.42,2600340207.06,3014481197.2,3116645931.94
        Московская область,"ОБЕСПЕЧЕНИЕ ЭЛЕКТРИЧЕСКОЙ ЭНЕРГИЕЙ, ГАЗОМ И ПАРОМ; КОНДИЦИОНИРОВАНИЕ ВОЗДУХА",279036305.49,287727587.95,276445386.0,278649519.01
        Московская область,"ВОДОСНАБЖЕНИЕ; ВОДООТВЕДЕНИЕ, ОРГАНИЗАЦИЯ СБОРА И УТИЛИЗАЦИИ ОТХОДОВ, ДЕЯТЕЛЬНОСТЬ ПО ЛИКВИДАЦИИ ЗАГРЯЗНЕНИЙ",72278734.44,94554874.0,96824039.0,114241824.81
        Московская область,Промышленное производство (промышленность),2693255545.05,2995367047.61,3403149807.6,3523377685.76
        Орловская область,ДОБЫЧА ПОЛЕЗНЫХ ИСКОПАЕМЫХ,105945.1,231823.8,279700.5,264510.4
        Орловская область,ОБРАБАТЫВАЮЩИЕ ПРОИЗВОДСТВА,104210691.2,115793202.9,117839329.5,132055767.3
        Орловская область,"ОБЕСПЕЧЕНИЕ ЭЛЕКТРИЧЕСКОЙ ЭНЕРГИЕЙ, ГАЗОМ И ПАРОМ; КОНДИЦИОНИРОВАНИЕ ВОЗДУХА",13353015.8,13793879.5,13508055.7,13424737.5
        Орловская область,"ВОДОСНАБЖЕНИЕ; ВОДООТВЕДЕНИЕ, ОРГАНИЗАЦИЯ СБОРА И УТИЛИЗАЦИИ ОТХОДОВ, ДЕЯТЕЛЬНОСТЬ ПО ЛИКВИДАЦИИ ЗАГРЯЗНЕНИЙ",3237557.3,3889587.1,5206360.1,4207389.8
        Орловская область,Промышленное производство (промышленность),120907209.4,133708493.3,136833445.8,149952405.0
        Рязанская область,ДОБЫЧА ПОЛЕЗНЫХ ИСКОПАЕМЫХ,1781007.5,1664019.4,1571524.0,1509023.3
        Рязанская область,ОБРАБАТЫВАЮЩИЕ ПРОИЗВОДСТВА,277309421.2,303564399.5,326074186.2,341384630.8
        Рязанская область,"ОБЕСПЕЧЕНИЕ ЭЛЕКТРИЧЕСКОЙ ЭНЕРГИЕЙ, ГАЗОМ И ПАРОМ; КОНДИЦИОНИРОВАНИЕ ВОЗДУХА",37934627.6,38454314.1,39783426.0,40118028.7
        Рязанская область,"ВОДОСНАБЖЕНИЕ; ВОДООТВЕДЕНИЕ, ОРГАНИЗАЦИЯ СБОРА И УТИЛИЗАЦИИ ОТХОДОВ, ДЕЯТЕЛЬНОСТЬ ПО ЛИКВИДАЦИИ ЗАГРЯЗНЕНИЙ",5162689.8,5858573.1,6759539.8,9134712.1
        Рязанская область,Промышленное производство (промышленность),322187746.1,349541306.1,374188676.0,392146394.9
        Смоленская область,ДОБЫЧА ПОЛЕЗНЫХ ИСКОПАЕМЫХ,1453951.9,1791166.9,1619481.5,2038290.5
        Смоленская область,ОБРАБАТЫВАЮЩИЕ ПРОИЗВОДСТВА,192044237.4,209367235.3,209663736.7,219478208.7
        Смоленская область,"ОБЕСПЕЧЕНИЕ ЭЛЕКТРИЧЕСКОЙ ЭНЕРГИЕЙ, ГАЗОМ И ПАРОМ; КОНДИЦИОНИРОВАНИЕ ВОЗДУХА",54534293.9,55189174.9,53819855.4,54579627.0
        Смоленская область,"ВОДОСНАБЖЕНИЕ; ВОДООТВЕДЕНИЕ, ОРГАНИЗАЦИЯ СБОРА И УТИЛИЗАЦИИ ОТХОДОВ, ДЕЯТЕЛЬНОСТЬ ПО ЛИКВИДАЦИИ ЗАГРЯЗНЕНИЙ",6838794.2,8791434.4,12241584.4,13230839.7
        Смоленская область,Промышленное производство (промышленность),254871277.4,275139011.5,277344658.0,289326966.1
        Тамбовская область,ДОБЫЧА ПОЛЕЗНЫХ ИСКОПАЕМЫХ,145464.0,199560.8,291500.3,267666.1
        Тамбовская область,ОБРАБАТЫВАЮЩИЕ ПРОИЗВОДСТВА,134328620.5,162991213.31,172108450.1,188201670.58
        Тамбовская область,"ОБЕСПЕЧЕНИЕ ЭЛЕКТРИЧЕСКОЙ ЭНЕРГИЕЙ, ГАЗОМ И ПАРОМ; КОНДИЦИОНИРОВАНИЕ ВОЗДУХА",16098686.8,15773001.0,15590773.0,14878456.32
        Тамбовская область,"ВОДОСНАБЖЕНИЕ; ВОДООТВЕДЕНИЕ, ОРГАНИЗАЦИЯ СБОРА И УТИЛИЗАЦИИ ОТХОДОВ, ДЕЯТЕЛЬНОСТЬ ПО ЛИКВИДАЦИИ ЗАГРЯЗНЕНИЙ",3101995.9,3496972.7,4236588.8,4313657.29
        Тамбовская область,Промышленное производство (промышленность),153674767.2,182460747.81,192227311.9,207661450.29
        Тверская область,ДОБЫЧА ПОЛЕЗНЫХ ИСКОПАЕМЫХ,754627.0,969682.1,759354.5,789317.0
        Тверская область,ОБРАБАТЫВАЮЩИЕ ПРОИЗВОДСТВА,246184673.8,308286468.8,344052282.6,341532380.55
        Тверская область,"ОБЕСПЕЧЕНИЕ ЭЛЕКТРИЧЕСКОЙ ЭНЕРГИЕЙ, ГАЗОМ И ПАРОМ; КОНДИЦИОНИРОВАНИЕ ВОЗДУХА",94874218.1,103027741.3,99972424.2,92219041.6
        Тверская область,"ВОДОСНАБЖЕНИЕ; ВОДООТВЕДЕНИЕ, ОРГАНИЗАЦИЯ СБОРА И УТИЛИЗАЦИИ ОТХОДОВ, ДЕЯТЕЛЬНОСТЬ ПО ЛИКВИДАЦИИ ЗАГРЯЗНЕНИЙ",6239631.8,6676839.6,8314347.96,9371061.0
        Тверская область,Промышленное производство (промышленность),348053150.7,418960731.8,453098409.06,443911800.15
        Тульская область,ДОБЫЧА ПОЛЕЗНЫХ ИСКОПАЕМЫХ,5548336.4,6153013.6,7569838.2,8334138.3
        Тульская область,ОБРАБАТЫВАЮЩИЕ ПРОИЗВОДСТВА,629921385.3,703296907.5,740950206.1,850736047.67
        Тульская область,"ОБЕСПЕЧЕНИЕ ЭЛЕКТРИЧЕСКОЙ ЭНЕРГИЕЙ, ГАЗОМ И ПАРОМ; КОНДИЦИОНИРОВАНИЕ ВОЗДУХА",49630401.2,49811737.6,55249687.5,55211893.3
        Тульская область,"ВОДОСНАБЖЕНИЕ; ВОДООТВЕДЕНИЕ, ОРГАНИЗАЦИЯ СБОРА И УТИЛИЗАЦИИ ОТХОДОВ, ДЕЯТЕЛЬНОСТЬ ПО ЛИКВИДАЦИИ ЗАГРЯЗНЕНИЙ",9425821.9,10445190.3,12821922.6,17931811.5
        Тульская область,Промышленное производство (промышленность),694525944.8,769706849.0,816591654.4,932213890.77
        Ярославская область,ДОБЫЧА ПОЛЕЗНЫХ ИСКОПАЕМЫХ,1172159.0,1566211.9,1892185.3,1205598.3
        Ярославская область,ОБРАБАТЫВАЮЩИЕ ПРОИЗВОДСТВА,338015811.9,390117032.2,395894307.87,420810277.3
        Ярославская область,"ОБЕСПЕЧЕНИЕ ЭЛЕКТРИЧЕСКОЙ ЭНЕРГИЕЙ, ГАЗОМ И ПАРОМ; КОНДИЦИОНИРОВАНИЕ ВОЗДУХА",43670556.9,45608189.6,44105943.0,46191636.0
        Ярославская область,"ВОДОСНАБЖЕНИЕ; ВОДООТВЕДЕНИЕ, ОРГАНИЗАЦИЯ СБОРА И УТИЛИЗАЦИИ ОТХОДОВ, ДЕЯТЕЛЬНОСТЬ ПО ЛИКВИДАЦИИ ЗАГРЯЗНЕНИЙ",9395536.4,9249431.3,10080127.7,11331135.7
        Ярославская область,Промышленное производство (промышленность),392254064.2,446540865.0,451972563.87,479538647.3
        Город Москва столица Российской Федерации город федерального значения,ДОБЫЧА ПОЛЕЗНЫХ ИСКОПАЕМЫХ,1272415320.7,1808822841.3,1760325218.9,1092663698.4
        Город Москва столица Российской Федерации город федерального значения,ОБРАБАТЫВАЮЩИЕ ПРОИЗВОДСТВА,5568602450.7,6413663232.2,7249902240.4,7529104650.3
        Город Москва столица Российской Федерации город федерального значения,"ОБЕСПЕЧЕНИЕ ЭЛЕКТРИЧЕСКОЙ ЭНЕРГИЕЙ, ГАЗОМ И ПАРОМ; КОНДИЦИОНИРОВАНИЕ ВОЗДУХА",756675440.8,783384439.7,783044638.8,964262427.1
        Город Москва столица Российской Федерации город федерального значения,"ВОДОСНАБЖЕНИЕ; ВОДООТВЕДЕНИЕ, ОРГАНИЗАЦИЯ СБОРА И УТИЛИЗАЦИИ ОТХОДОВ, ДЕЯТЕЛЬНОСТЬ ПО ЛИКВИДАЦИИ ЗАГРЯЗНЕНИЙ",125621254.7,154013891.0,176597209.8,195176446.2
        Город Москва столица Российской Федерации город федерального значения,Промышленное производство (промышленность),7723314466.9,9159884404.2,9969869308.39,9781207222.0
    Северо-Западный федеральный округ,ДОБЫЧА ПОЛЕЗНЫХ ИСКОПАЕМЫХ,844244403.9,1027683805.6,1129048880.0,947241910.0
    Северо-Западный федеральный округ,ОБРАБАТЫВАЮЩИЕ ПРОИЗВОДСТВА,5178185365.26,6034734957.2,6267136384.52,6617290151.63
    Северо-Западный федеральный округ,"ОБЕСПЕЧЕНИЕ ЭЛЕКТРИЧЕСКОЙ ЭНЕРГИЕЙ, ГАЗОМ И ПАРОМ; КОНДИЦИОНИРОВАНИЕ ВОЗДУХА",582715863.87,618400827.04,680036514.36,660102481.17
    Северо-Западный федеральный округ,"ВОДОСНАБЖЕНИЕ; ВОДООТВЕДЕНИЕ, ОРГАНИЗАЦИЯ СБОРА И УТИЛИЗАЦИИ ОТХОДОВ, ДЕЯТЕЛЬНОСТЬ ПО ЛИКВИДАЦИИ ЗАГРЯЗНЕНИЙ",116340030.3,121158188.4,146359061.7,147522531.49
    Северо-Западный федеральный округ,Промышленное производство (промышленность),6721485663.13,7801977778.24,8222580840.28,8372157074.31
        Республика Карелия,ДОБЫЧА ПОЛЕЗНЫХ ИСКОПАЕМЫХ,73729067.8,83395342.6,91188860.3,88083157.0
        Республика Карелия,ОБРАБАТЫВАЮЩИЕ ПРОИЗВОДСТВА,93267985.1,121609921.75,126762282.53,126255184.93
        Республика Карелия,"ОБЕСПЕЧЕНИЕ ЭЛЕКТРИЧЕСКОЙ ЭНЕРГИЕЙ, ГАЗОМ И ПАРОМ; КОНДИЦИОНИРОВАНИЕ ВОЗДУХА",26676171.2,25664323.2,25678831.8,26728754.5
        Республика Карелия,"ВОДОСНАБЖЕНИЕ; ВОДООТВЕДЕНИЕ, ОРГАНИЗАЦИЯ СБОРА И УТИЛИЗАЦИИ ОТХОДОВ, ДЕЯТЕЛЬНОСТЬ ПО ЛИКВИДАЦИИ ЗАГРЯЗНЕНИЙ",3067391.0,4198154.6,3130042.4,4334907.2
        Республика Карелия,Промышленное производство (промышленность),196740615.1,234867742.15,246760017.03,245402003.63
        Республика Коми,ДОБЫЧА ПОЛЕЗНЫХ ИСКОПАЕМЫХ,314269797.7,400372547.2,425992069.0,303708239.3
        Республика Коми,ОБРАБАТЫВАЮЩИЕ ПРОИЗВОДСТВА,170537208.73,194300579.76,199128119.23,190136442.48
        Республика Коми,"ОБЕСПЕЧЕНИЕ ЭЛЕКТРИЧЕСКОЙ ЭНЕРГИЕЙ, ГАЗОМ И ПАРОМ; КОНДИЦИОНИРОВАНИЕ ВОЗДУХА",47107879.9,44612610.9,43013227.53,42455955.55
        Республика Коми,"ВОДОСНАБЖЕНИЕ; ВОДООТВЕДЕНИЕ, ОРГАНИЗАЦИЯ СБОРА И УТИЛИЗАЦИИ ОТХОДОВ, ДЕЯТЕЛЬНОСТЬ ПО ЛИКВИДАЦИИ ЗАГРЯЗНЕНИЙ",5715272.0,6331439.2,8307481.0,8915997.3
        Республика Коми,Промышленное производство (промышленность),537630158.33,645617177.06,676440896.76,545216634.63
        Архангельская область,ДОБЫЧА ПОЛЕЗНЫХ ИСКОПАЕМЫХ,294998009.4,385401767.4,393050127.4,286207903.7
        Архангельская область,ОБРАБАТЫВАЮЩИЕ ПРОИЗВОДСТВА,310668820.7,247566785.6,194721562.6,260857083.28
        Архангельская область,"ОБЕСПЕЧЕНИЕ ЭЛЕКТРИЧЕСКОЙ ЭНЕРГИЕЙ, ГАЗОМ И ПАРОМ; КОНДИЦИОНИРОВАНИЕ ВОЗДУХА",36673806.3,34885933.9,38353995.2,41400918.82
        Архангельская область,"ВОДОСНАБЖЕНИЕ; ВОДООТВЕДЕНИЕ, ОРГАНИЗАЦИЯ СБОРА И УТИЛИЗАЦИИ ОТХОДОВ, ДЕЯТЕЛЬНОСТЬ ПО ЛИКВИДАЦИИ ЗАГРЯЗНЕНИЙ",5767021.6,5958788.8,6181315.5,6543248.07
        Архангельская область,Промышленное производство (промышленность),648107658.0,673813275.7,632307000.7,595009153.87
            Ненецкий автономный округ (Архангельская область),ДОБЫЧА ПОЛЕЗНЫХ ИСКОПАЕМЫХ,267857887.6,352133840.4,359496314.3,255509734.0
            Ненецкий автономный округ (Архангельская область),ОБРАБАТЫВАЮЩИЕ ПРОИЗВОДСТВА,21433913.5,14916142.3,1553084.9,1713211.5
            Ненецкий автономный округ (Архангельская область),"ОБЕСПЕЧЕНИЕ ЭЛЕКТРИЧЕСКОЙ ЭНЕРГИЕЙ, ГАЗОМ И ПАРОМ; КОНДИЦИОНИРОВАНИЕ ВОЗДУХА",3832246.7,3062515.6,3991386.3,5041518.4
            Ненецкий автономный округ (Архангельская область),"ВОДОСНАБЖЕНИЕ; ВОДООТВЕДЕНИЕ, ОРГАНИЗАЦИЯ СБОРА И УТИЛИЗАЦИИ ОТХОДОВ, ДЕЯТЕЛЬНОСТЬ ПО ЛИКВИДАЦИИ ЗАГРЯЗНЕНИЙ",478734.1,465222.2,473744.5,691191.95
            Ненецкий автономный округ (Архангельская область),Промышленное производство (промышленность),293602781.9,370577720.5,365514530.0,262955655.85
            Архангельская область (кроме Ненецкого автономного округа),ДОБЫЧА ПОЛЕЗНЫХ ИСКОПАЕМЫХ,27140121.8,33267927.0,33553813.1,30698169.7
            Архангельская область (кроме Ненецкого автономного округа),ОБРАБАТЫВАЮЩИЕ ПРОИЗВОДСТВА,289234907.2,232650643.3,193168477.7,259143871.78
            Архангельская область (кроме Ненецкого автономного округа),"ОБЕСПЕЧЕНИЕ ЭЛЕКТРИЧЕСКОЙ ЭНЕРГИЕЙ, ГАЗОМ И ПАРОМ; КОНДИЦИОНИРОВАНИЕ ВОЗДУХА",32841559.6,31823418.3,34362608.9,36359400.42
            Архангельская область (кроме Ненецкого автономного округа),"ВОДОСНАБЖЕНИЕ; ВОДООТВЕДЕНИЕ, ОРГАНИЗАЦИЯ СБОРА И УТИЛИЗАЦИИ ОТХОДОВ, ДЕЯТЕЛЬНОСТЬ ПО ЛИКВИДАЦИИ ЗАГРЯЗНЕНИЙ",5288287.5,5493566.6,5707571.0,5852056.12
            Архангельская область (кроме Ненецкого автономного округа),Промышленное производство (промышленность),354504876.1,303235555.2,266792470.7,332053498.02
        Вологодская область,ДОБЫЧА ПОЛЕЗНЫХ ИСКОПАЕМЫХ,632013.8,797622.2,634218.6,612397.6
        Вологодская область,ОБРАБАТЫВАЮЩИЕ ПРОИЗВОДСТВА,572244453.13,692721179.59,704649049.85,728137683.51
        Вологодская область,"ОБЕСПЕЧЕНИЕ ЭЛЕКТРИЧЕСКОЙ ЭНЕРГИЕЙ, ГАЗОМ И ПАРОМ; КОНДИЦИОНИРОВАНИЕ ВОЗДУХА",40646493.47,40464331.84,41971419.33,40112366.04
        Вологодская область,"ВОДОСНАБЖЕНИЕ; ВОДООТВЕДЕНИЕ, ОРГАНИЗАЦИЯ СБОРА И УТИЛИЗАЦИИ ОТХОДОВ, ДЕЯТЕЛЬНОСТЬ ПО ЛИКВИДАЦИИ ЗАГРЯЗНЕНИЙ",7871897.2,7058780.9,10032570.2,8572731.6
        Вологодская область,Промышленное производство (промышленность),621394857.6,741041914.53,757287257.98,777435178.75
        Калининградская область,ДОБЫЧА ПОЛЕЗНЫХ ИСКОПАЕМЫХ,18259871.8,18428163.6,18593404.5,14788998.7
        Калининградская область,ОБРАБАТЫВАЮЩИЕ ПРОИЗВОДСТВА,464119224.3,576618326.9,599548151.21,579414803.93
        Калининградская область,"ОБЕСПЕЧЕНИЕ ЭЛЕКТРИЧЕСКОЙ ЭНЕРГИЕЙ, ГАЗОМ И ПАРОМ; КОНДИЦИОНИРОВАНИЕ ВОЗДУХА",28773085.8,37791453.4,46186085.2,49918467.8
        Калининградская область,"ВОДОСНАБЖЕНИЕ; ВОДООТВЕДЕНИЕ, ОРГАНИЗАЦИЯ СБОРА И УТИЛИЗАЦИИ ОТХОДОВ, ДЕЯТЕЛЬНОСТЬ ПО ЛИКВИДАЦИИ ЗАГРЯЗНЕНИЙ",6013155.9,6432616.2,7572415.7,7709618.2
        Калининградская область,Промышленное производство (промышленность),517165337.8,639270560.1,671900056.61,651831888.63
        Ленинградская область,ДОБЫЧА ПОЛЕЗНЫХ ИСКОПАЕМЫХ,11402281.9,15857470.2,15726564.1,15391484.6
        Ленинградская область,ОБРАБАТЫВАЮЩИЕ ПРОИЗВОДСТВА,909007747.5,1095744590.0,1115017076.8,1091256081.5
        Ленинградская область,"ОБЕСПЕЧЕНИЕ ЭЛЕКТРИЧЕСКОЙ ЭНЕРГИЕЙ, ГАЗОМ И ПАРОМ; КОНДИЦИОНИРОВАНИЕ ВОЗДУХА",99029137.3,130252161.3,177690556.0,169188746.4
        Ленинградская область,"ВОДОСНАБЖЕНИЕ; ВОДООТВЕДЕНИЕ, ОРГАНИЗАЦИЯ СБОРА И УТИЛИЗАЦИИ ОТХОДОВ, ДЕЯТЕЛЬНОСТЬ ПО ЛИКВИДАЦИИ ЗАГРЯЗНЕНИЙ",13257350.7,13540108.6,17700775.7,21499182.3
        Ленинградская область,Промышленное производство (промышленность),1032696517.4,1255394330.1,1326134972.6,1297335494.8
        Мурманская область,ДОБЫЧА ПОЛЕЗНЫХ ИСКОПАЕМЫХ,107972566.2,96258308.2,143328936.4,199187594.0
        Мурманская область,ОБРАБАТЫВАЮЩИЕ ПРОИЗВОДСТВА,160154261.7,185431317.6,321233236.2,745236878.3
        Мурманская область,"ОБЕСПЕЧЕНИЕ ЭЛЕКТРИЧЕСКОЙ ЭНЕРГИЕЙ, ГАЗОМ И ПАРОМ; КОНДИЦИОНИРОВАНИЕ ВОЗДУХА",58975777.8,57998716.0,59980538.0,54903783.96
        Мурманская область,"ВОДОСНАБЖЕНИЕ; ВОДООТВЕДЕНИЕ, ОРГАНИЗАЦИЯ СБОРА И УТИЛИЗАЦИИ ОТХОДОВ, ДЕЯТЕЛЬНОСТЬ ПО ЛИКВИДАЦИИ ЗАГРЯЗНЕНИЙ",9217014.2,9251317.4,8823253.0,9779329.72
        Мурманская область,Промышленное производство (промышленность),336319619.9,348939659.2,533365963.6,1009107586.0
        Новгородская область,ДОБЫЧА ПОЛЕЗНЫХ ИСКОПАЕМЫХ,1593288.9,1178197.8,1153230.8,962587.4
        Новгородская область,ОБРАБАТЫВАЮЩИЕ ПРОИЗВОДСТВА,181982321.9,201188437.3,202563486.8,208251704.2
        Новгородская область,"ОБЕСПЕЧЕНИЕ ЭЛЕКТРИЧЕСКОЙ ЭНЕРГИЕЙ, ГАЗОМ И ПАРОМ; КОНДИЦИОНИРОВАНИЕ ВОЗДУХА",19405068.2,21581520.4,19871297.8,19773169.6
        Новгородская область,"ВОДОСНАБЖЕНИЕ; ВОДООТВЕДЕНИЕ, ОРГАНИЗАЦИЯ СБОРА И УТИЛИЗАЦИИ ОТХОДОВ, ДЕЯТЕЛЬНОСТЬ ПО ЛИКВИДАЦИИ ЗАГРЯЗНЕНИЙ",2997970.8,3338771.8,3462125.6,3380896.0
        Новгородская область,Промышленное производство (промышленность),205978649.6,227286927.3,227050140.7,232368357.2
        Псковская область,ДОБЫЧА ПОЛЕЗНЫХ ИСКОПАЕМЫХ,1370713.6,1958914.6,2104658.3,2401920.1
        Псковская область,ОБРАБАТЫВАЮЩИЕ ПРОИЗВОДСТВА,94886638.5,103644095.6,124228414.6,122905954.9
        Псковская область,"ОБЕСПЕЧЕНИЕ ЭЛЕКТРИЧЕСКОЙ ЭНЕРГИЕЙ, ГАЗОМ И ПАРОМ; КОНДИЦИОНИРОВАНИЕ ВОЗДУХА",11490579.3,11760316.2,11741784.8,12002802.0
        Псковская область,"ВОДОСНАБЖЕНИЕ; ВОДООТВЕДЕНИЕ, ОРГАНИЗАЦИЯ СБОРА И УТИЛИЗАЦИИ ОТХОДОВ, ДЕЯТЕЛЬНОСТЬ ПО ЛИКВИДАЦИИ ЗАГРЯЗНЕНИЙ",4533935.6,5512513.5,5669441.2,5413324.7
        Псковская область,Промышленное производство (промышленность),112281867.0,122875839.9,143744298.9,142724001.7
        Город Санкт-Петербург город федерального значения,ДОБЫЧА ПОЛЕЗНЫХ ИСКОПАЕМЫХ,20016792.8,24035471.8,37276810.6,35897627.6
        Город Санкт-Петербург город федерального значения,ОБРАБАТЫВАЮЩИЕ ПРОИЗВОДСТВА,2221316703.7,2615909723.1,2679285004.7,2564838334.6
        Город Санкт-Петербург город федерального значения,"ОБЕСПЕЧЕНИЕ ЭЛЕКТРИЧЕСКОЙ ЭНЕРГИЕЙ, ГАЗОМ И ПАРОМ; КОНДИЦИОНИРОВАНИЕ ВОЗДУХА",213937864.6,213389459.9,215548778.7,203617516.5
        Город Санкт-Петербург город федерального значения,"ВОДОСНАБЖЕНИЕ; ВОДООТВЕДЕНИЕ, ОРГАНИЗАЦИЯ СБОРА И УТИЛИЗАЦИИ ОТХОДОВ, ДЕЯТЕЛЬНОСТЬ ПО ЛИКВИДАЦИИ ЗАГРЯЗНЕНИЙ",57899021.3,59535697.4,75479641.4,71373296.4
        Город Санкт-Петербург город федерального значения,Промышленное производство (промышленность),2513170382.4,2912870352.2,3007590235.4,2875726775.1
    Южный федеральный округ (с 29.07.2016),ДОБЫЧА ПОЛЕЗНЫХ ИСКОПАЕМЫХ,374341548.1,517447717.7,514510487.9,359844881.7
    Южный федеральный округ (с 29.07.2016),ОБРАБАТЫВАЮЩИЕ ПРОИЗВОДСТВА,2615541248.81,3034680824.44,2989257792.66,2788395586.72
    Южный федеральный округ (с 29.07.2016),"ОБЕСПЕЧЕНИЕ ЭЛЕКТРИЧЕСКОЙ ЭНЕРГИЕЙ, ГАЗОМ И ПАРОМ; КОНДИЦИОНИРОВАНИЕ ВОЗДУХА",384785055.7,435468535.42,432802412.7,445865880.07
    Южный федеральный округ (с 29.07.2016),"ВОДОСНАБЖЕНИЕ; ВОДООТВЕДЕНИЕ, ОРГАНИЗАЦИЯ СБОРА И УТИЛИЗАЦИИ ОТХОДОВ, ДЕЯТЕЛЬНОСТЬ ПО ЛИКВИДАЦИИ ЗАГРЯЗНЕНИЙ",83770043.89,106055187.82,110645939.66,109166892.38
    Южный федеральный округ (с 29.07.2016),Промышленное производство (промышленность),3458437896.5,4093652265.38,4047216632.92,3703273240.77
        Республика Адыгея (Адыгея),ДОБЫЧА ПОЛЕЗНЫХ ИСКОПАЕМЫХ,2740092.8,3392743.3,3709522.0,2422944.4
        Республика Адыгея (Адыгея),ОБРАБАТЫВАЮЩИЕ ПРОИЗВОДСТВА,47823191.7,52529038.9,50080386.5,51784957.4
        Республика Адыгея (Адыгея),"ОБЕСПЕЧЕНИЕ ЭЛЕКТРИЧЕСКОЙ ЭНЕРГИЕЙ, ГАЗОМ И ПАРОМ; КОНДИЦИОНИРОВАНИЕ ВОЗДУХА",2346320.3,2427567.1,2533431.5,4870689.2
        Республика Адыгея (Адыгея),"ВОДОСНАБЖЕНИЕ; ВОДООТВЕДЕНИЕ, ОРГАНИЗАЦИЯ СБОРА И УТИЛИЗАЦИИ ОТХОДОВ, ДЕЯТЕЛЬНОСТЬ ПО ЛИКВИДАЦИИ ЗАГРЯЗНЕНИЙ",1807043.3,1502524.9,1757984.6,1934553.5
        Республика Адыгея (Адыгея),Промышленное производство (промышленность),54716648.1,59851874.2,58081324.6,61013144.5
        Республика Калмыкия,ОБРАБАТЫВАЮЩИЕ ПРОИЗВОДСТВА,1234910.4,930010.74,695091.98,604967.3
        Республика Калмыкия,"ОБЕСПЕЧЕНИЕ ЭЛЕКТРИЧЕСКОЙ ЭНЕРГИЕЙ, ГАЗОМ И ПАРОМ; КОНДИЦИОНИРОВАНИЕ ВОЗДУХА",2054490.5,2699669.8,2905599.4,4114195.2
        Республика Калмыкия,Промышленное производство (промышленность),5312961.7,6060863.26,5913083.23,6619456.4
        Республика Крым,ДОБЫЧА ПОЛЕЗНЫХ ИСКОПАЕМЫХ,10786642.2,14372450.2,10992783.3,12350320.9
        Республика Крым,ОБРАБАТЫВАЮЩИЕ ПРОИЗВОДСТВА,78646762.04,93537356.82,99091919.7,100422035.18
        Республика Крым,"ОБЕСПЕЧЕНИЕ ЭЛЕКТРИЧЕСКОЙ ЭНЕРГИЕЙ, ГАЗОМ И ПАРОМ; КОНДИЦИОНИРОВАНИЕ ВОЗДУХА",35383015.9,37020516.6,37760565.2,49583786.2
        Республика Крым,"ВОДОСНАБЖЕНИЕ; ВОДООТВЕДЕНИЕ, ОРГАНИЗАЦИЯ СБОРА И УТИЛИЗАЦИИ ОТХОДОВ, ДЕЯТЕЛЬНОСТЬ ПО ЛИКВИДАЦИИ ЗАГРЯЗНЕНИЙ",6175076.2,6455084.3,8500351.9,8987761.7
        Республика Крым,Промышленное производство (промышленность),130991496.34,151385407.92,156345620.1,171343903.98
        Краснодарский край,ДОБЫЧА ПОЛЕЗНЫХ ИСКОПАЕМЫХ,53142476.7,52498279.3,64340657.7,24330834.5
        Краснодарский край,ОБРАБАТЫВАЮЩИЕ ПРОИЗВОДСТВА,923475501.3,1025101413.11,967478970.09,918998326.79
        Краснодарский край,"ОБЕСПЕЧЕНИЕ ЭЛЕКТРИЧЕСКОЙ ЭНЕРГИЕЙ, ГАЗОМ И ПАРОМ; КОНДИЦИОНИРОВАНИЕ ВОЗДУХА",110398691.8,121025441.72,117414456.28,113499769.26
        Краснодарский край,"ВОДОСНАБЖЕНИЕ; ВОДООТВЕДЕНИЕ, ОРГАНИЗАЦИЯ СБОРА И УТИЛИЗАЦИИ ОТХОДОВ, ДЕЯТЕЛЬНОСТЬ ПО ЛИКВИДАЦИИ ЗАГРЯЗНЕНИЙ",28503567.7,32338767.3,31225229.01,30522965.28
        Краснодарский край,Промышленное производство (промышленность),1115520237.5,1230963901.43,1180459313.08,1087351895.83
        Астраханская область,ДОБЫЧА ПОЛЕЗНЫХ ИСКОПАЕМЫХ,226960972.4,346022363.8,339167957.3,249844173.9
        Астраханская область,ОБРАБАТЫВАЮЩИЕ ПРОИЗВОДСТВА,53839490.4,61945738.9,76914575.7,76028083.9
        Астраханская область,"ОБЕСПЕЧЕНИЕ ЭЛЕКТРИЧЕСКОЙ ЭНЕРГИЕЙ, ГАЗОМ И ПАРОМ; КОНДИЦИОНИРОВАНИЕ ВОЗДУХА",27700172.2,27806375.5,29213093.3,29929257.8
        Астраханская область,"ВОДОСНАБЖЕНИЕ; ВОДООТВЕДЕНИЕ, ОРГАНИЗАЦИЯ СБОРА И УТИЛИЗАЦИИ ОТХОДОВ, ДЕЯТЕЛЬНОСТЬ ПО ЛИКВИДАЦИИ ЗАГРЯЗНЕНИЙ",4784234.19,6108790.8,5461715.9,6497362.3
        Астраханская область,Промышленное производство (промышленность),313284869.19,441883269.0,450757342.2,362298877.9
        Волгоградская область,ДОБЫЧА ПОЛЕЗНЫХ ИСКОПАЕМЫХ,47984776.0,63480491.0,58875263.5,34272695.0
        Волгоградская область,ОБРАБАТЫВАЮЩИЕ ПРОИЗВОДСТВА,724306128.6,882562977.7,905402776.03,775584323.2
        Волгоградская область,"ОБЕСПЕЧЕНИЕ ЭЛЕКТРИЧЕСКОЙ ЭНЕРГИЕЙ, ГАЗОМ И ПАРОМ; КОНДИЦИОНИРОВАНИЕ ВОЗДУХА",66846910.7,71872041.8,72771334.54,72780640.71
        Волгоградская область,"ВОДОСНАБЖЕНИЕ; ВОДООТВЕДЕНИЕ, ОРГАНИЗАЦИЯ СБОРА И УТИЛИЗАЦИИ ОТХОДОВ, ДЕЯТЕЛЬНОСТЬ ПО ЛИКВИДАЦИИ ЗАГРЯЗНЕНИЙ",14640566.8,16831964.3,20860389.9,21630796.2
        Волгоградская область,Промышленное производство (промышленность),853778382.1,1034747474.8,1057909763.97,904268455.11
        Ростовская область,ДОБЫЧА ПОЛЕЗНЫХ ИСКОПАЕМЫХ,29664232.1,33456880.3,34041272.2,34206877.9
        Ростовская область,ОБРАБАТЫВАЮЩИЕ ПРОИЗВОДСТВА,772905048.77,906802757.97,873734891.06,849342841.85
        Ростовская область,"ОБЕСПЕЧЕНИЕ ЭЛЕКТРИЧЕСКОЙ ЭНЕРГИЕЙ, ГАЗОМ И ПАРОМ; КОНДИЦИОНИРОВАНИЕ ВОЗДУХА",133563445.8,153514344.2,165944219.38,162209551.2
        Ростовская область,"ВОДОСНАБЖЕНИЕ; ВОДООТВЕДЕНИЕ, ОРГАНИЗАЦИЯ СБОРА И УТИЛИЗАЦИИ ОТХОДОВ, ДЕЯТЕЛЬНОСТЬ ПО ЛИКВИДАЦИИ ЗАГРЯЗНЕНИЙ",25735659.3,39490323.5,39219991.1,35589982.2
        Ростовская область,Промышленное производство (промышленность),961868385.57,1133264305.97,1112940373.74,1081349253.15
        Город федерального значения Севастополь,ОБРАБАТЫВАЮЩИЕ ПРОИЗВОДСТВА,13310215.6,11271530.3,15859181.6,15630051.1
        Город федерального значения Севастополь,"ОБЕСПЕЧЕНИЕ ЭЛЕКТРИЧЕСКОЙ ЭНЕРГИЕЙ, ГАЗОМ И ПАРОМ; КОНДИЦИОНИРОВАНИЕ ВОЗДУХА",6492008.5,19102578.7,4259713.1,8877990.5
        Город федерального значения Севастополь,Промышленное производство (промышленность),22964916.0,35495168.8,24809812.0,29028253.9
    Северо-Кавказский федеральный округ,ДОБЫЧА ПОЛЕЗНЫХ ИСКОПАЕМЫХ,26446850.9,26105152.6,26904380.3,24562349.1
    Северо-Кавказский федеральный округ,ОБРАБАТЫВАЮЩИЕ ПРОИЗВОДСТВА,405290082.4,438133217.15,434785376.3,448774599.53
    Северо-Кавказский федеральный округ,"ОБЕСПЕЧЕНИЕ ЭЛЕКТРИЧЕСКОЙ ЭНЕРГИЕЙ, ГАЗОМ И ПАРОМ; КОНДИЦИОНИРОВАНИЕ ВОЗДУХА",142494401.2,148583655.55,142727690.3,146244548.2
    Северо-Кавказский федеральный округ,"ВОДОСНАБЖЕНИЕ; ВОДООТВЕДЕНИЕ, ОРГАНИЗАЦИЯ СБОРА И УТИЛИЗАЦИИ ОТХОДОВ, ДЕЯТЕЛЬНОСТЬ ПО ЛИКВИДАЦИИ ЗАГРЯЗНЕНИЙ",18194571.5,18508529.2,19963910.5,22239795.5
    Северо-Кавказский федеральный округ,Промышленное производство (промышленность),592425906.0,631330554.5,624381357.6,641821292.23
        Республика Дагестан,ДОБЫЧА ПОЛЕЗНЫХ ИСКОПАЕМЫХ,4922488.5,5431497.5,5415295.7,4280095.7
        Республика Дагестан,ОБРАБАТЫВАЮЩИЕ ПРОИЗВОДСТВА,40558116.7,45566698.6,46570751.3,43722489.4
        Республика Дагестан,"ОБЕСПЕЧЕНИЕ ЭЛЕКТРИЧЕСКОЙ ЭНЕРГИЕЙ, ГАЗОМ И ПАРОМ; КОНДИЦИОНИРОВАНИЕ ВОЗДУХА",19314855.1,21949477.2,19469195.5,17750862.4
        Республика Дагестан,"ВОДОСНАБЖЕНИЕ; ВОДООТВЕДЕНИЕ, ОРГАНИЗАЦИЯ СБОРА И УТИЛИЗАЦИИ ОТХОДОВ, ДЕЯТЕЛЬНОСТЬ ПО ЛИКВИДАЦИИ ЗАГРЯЗНЕНИЙ",2626453.5,1852512.4,2182934.5,1838720.3
        Республика Дагестан,Промышленное производство (промышленность),67421913.8,74800185.7,73638177.0,67592167.8
        Республика Ингушетия,ДОБЫЧА ПОЛЕЗНЫХ ИСКОПАЕМЫХ,1462574.0,1082337.0,1187152.3,920378.4
        Республика Ингушетия,ОБРАБАТЫВАЮЩИЕ ПРОИЗВОДСТВА,1864977.9,2110617.8,2216358.2,2146473.6
        Республика Ингушетия,"ОБЕСПЕЧЕНИЕ ЭЛЕКТРИЧЕСКОЙ ЭНЕРГИЕЙ, ГАЗОМ И ПАРОМ; КОНДИЦИОНИРОВАНИЕ ВОЗДУХА",1345031.2,1505786.15,1500605.4,384177.0
        Республика Ингушетия,"ВОДОСНАБЖЕНИЕ; ВОДООТВЕДЕНИЕ, ОРГАНИЗАЦИЯ СБОРА И УТИЛИЗАЦИИ ОТХОДОВ, ДЕЯТЕЛЬНОСТЬ ПО ЛИКВИДАЦИИ ЗАГРЯЗНЕНИЙ",486543.1,501400.4,535511.8,826476.4
        Республика Ингушетия,Промышленное производство (промышленность),5159126.2,5200141.35,5439627.7,4277505.4
        Кабардино-Балкарская Республика,ДОБЫЧА ПОЛЕЗНЫХ ИСКОПАЕМЫХ,397989.3,249162.3,260276.6,386863.6
        Кабардино-Балкарская Республика,ОБРАБАТЫВАЮЩИЕ ПРОИЗВОДСТВА,27687862.2,30940249.45,34494994.8,38751605.03
        Кабардино-Балкарская Республика,"ОБЕСПЕЧЕНИЕ ЭЛЕКТРИЧЕСКОЙ ЭНЕРГИЕЙ, ГАЗОМ И ПАРОМ; КОНДИЦИОНИРОВАНИЕ ВОЗДУХА",8733248.9,9828565.6,8448257.2,9541947.9
        Кабардино-Балкарская Республика,"ВОДОСНАБЖЕНИЕ; ВОДООТВЕДЕНИЕ, ОРГАНИЗАЦИЯ СБОРА И УТИЛИЗАЦИИ ОТХОДОВ, ДЕЯТЕЛЬНОСТЬ ПО ЛИКВИДАЦИИ ЗАГРЯЗНЕНИЙ",1069012.4,1185712.6,1661511.5,1424813.7
        Кабардино-Балкарская Республика,Промышленное производство (промышленность),37888112.8,42203689.95,44865040.3,50105229.93
        Карачаево-Черкесская Республика,ДОБЫЧА ПОЛЕЗНЫХ ИСКОПАЕМЫХ,2750673.3,2820783.2,2797589.6,2713194.6
        Карачаево-Черкесская Республика,ОБРАБАТЫВАЮЩИЕ ПРОИЗВОДСТВА,35194384.0,31149885.7,25907580.2,26494436.7
        Карачаево-Черкесская Республика,"ОБЕСПЕЧЕНИЕ ЭЛЕКТРИЧЕСКОЙ ЭНЕРГИЕЙ, ГАЗОМ И ПАРОМ; КОНДИЦИОНИРОВАНИЕ ВОЗДУХА",9061435.9,9401309.2,9792222.4,9824939.7
        Карачаево-Черкесская Республика,"ВОДОСНАБЖЕНИЕ; ВОДООТВЕДЕНИЕ, ОРГАНИЗАЦИЯ СБОРА И УТИЛИЗАЦИИ ОТХОДОВ, ДЕЯТЕЛЬНОСТЬ ПО ЛИКВИДАЦИИ ЗАГРЯЗНЕНИЙ",990595.0,1241176.2,1356959.3,1536797.5
        Карачаево-Черкесская Республика,Промышленное производство (промышленность),47997088.2,44613154.3,39854351.5,40569368.5
        Республика Северная Осетия-Алания,ДОБЫЧА ПОЛЕЗНЫХ ИСКОПАЕМЫХ,660597.3,701624.7,699809.5,636335.6
        Республика Северная Осетия-Алания,ОБРАБАТЫВАЮЩИЕ ПРОИЗВОДСТВА,27588385.5,19375587.6,19573205.6,18010023.5
        Республика Северная Осетия-Алания,"ОБЕСПЕЧЕНИЕ ЭЛЕКТРИЧЕСКОЙ ЭНЕРГИЕЙ, ГАЗОМ И ПАРОМ; КОНДИЦИОНИРОВАНИЕ ВОЗДУХА",6697325.8,7125048.5,7024792.5,15392799.3
        Республика Северная Осетия-Алания,"ВОДОСНАБЖЕНИЕ; ВОДООТВЕДЕНИЕ, ОРГАНИЗАЦИЯ СБОРА И УТИЛИЗАЦИИ ОТХОДОВ, ДЕЯТЕЛЬНОСТЬ ПО ЛИКВИДАЦИИ ЗАГРЯЗНЕНИЙ",1542368.8,1467134.6,1575362.2,1691981.6
        Республика Северная Осетия-Алания,Промышленное производство (промышленность),36488677.4,28669395.4,28873169.8,35731140.0
        Чеченская Республика,ДОБЫЧА ПОЛЕЗНЫХ ИСКОПАЕМЫХ,5593040.1,5271935.0,5261315.0,4552198.6
        Чеченская Республика,ОБРАБАТЫВАЮЩИЕ ПРОИЗВОДСТВА,10185637.6,10381199.0,10935631.2,11931357.8
        Чеченская Республика,"ОБЕСПЕЧЕНИЕ ЭЛЕКТРИЧЕСКОЙ ЭНЕРГИЕЙ, ГАЗОМ И ПАРОМ; КОНДИЦИОНИРОВАНИЕ ВОЗДУХА",14378846.8,15462665.5,21598599.5,24685932.8
        Чеченская Республика,"ВОДОСНАБЖЕНИЕ; ВОДООТВЕДЕНИЕ, ОРГАНИЗАЦИЯ СБОРА И УТИЛИЗАЦИИ ОТХОДОВ, ДЕЯТЕЛЬНОСТЬ ПО ЛИКВИДАЦИИ ЗАГРЯЗНЕНИЙ",1408498.1,1763443.3,1447381.0,2323171.0
        Чеченская Республика,Промышленное производство (промышленность),31566022.6,32879242.8,39242926.7,43492660.2
        Ставропольский край,ДОБЫЧА ПОЛЕЗНЫХ ИСКОПАЕМЫХ,10659488.4,10547812.9,11282941.6,11073282.6
        Ставропольский край,ОБРАБАТЫВАЮЩИЕ ПРОИЗВОДСТВА,262210718.5,298608979.0,295086855.0,307718213.5
        Ставропольский край,"ОБЕСПЕЧЕНИЕ ЭЛЕКТРИЧЕСКОЙ ЭНЕРГИЕЙ, ГАЗОМ И ПАРОМ; КОНДИЦИОНИРОВАНИЕ ВОЗДУХА",82963657.5,83310803.4,74894017.8,68663889.1
        Ставропольский край,"ВОДОСНАБЖЕНИЕ; ВОДООТВЕДЕНИЕ, ОРГАНИЗАЦИЯ СБОРА И УТИЛИЗАЦИИ ОТХОДОВ, ДЕЯТЕЛЬНОСТЬ ПО ЛИКВИДАЦИИ ЗАГРЯЗНЕНИЙ",10071100.6,10497149.7,11204250.2,12597835.0
        Ставропольский край,Промышленное производство (промышленность),365904965.0,402964745.0,392468064.6,400053220.4
    Приволжский федеральный округ,ДОБЫЧА ПОЛЕЗНЫХ ИСКОПАЕМЫХ,1972042292.2,2611154937.5,2665496583.1,2074236178.02
    Приволжский федеральный округ,ОБРАБАТЫВАЮЩИЕ ПРОИЗВОДСТВА,7942291854.52,9154764688.98,9585057533.27,9093324889.03
    Приволжский федеральный округ,"ОБЕСПЕЧЕНИЕ ЭЛЕКТРИЧЕСКОЙ ЭНЕРГИЕЙ, ГАЗОМ И ПАРОМ; КОНДИЦИОНИРОВАНИЕ ВОЗДУХА",911281598.69,980673854.26,1004283186.93,987219351.26
    Приволжский федеральный округ,"ВОДОСНАБЖЕНИЕ; ВОДООТВЕДЕНИЕ, ОРГАНИЗАЦИЯ СБОРА И УТИЛИЗАЦИИ ОТХОДОВ, ДЕЯТЕЛЬНОСТЬ ПО ЛИКВИДАЦИИ ЗАГРЯЗНЕНИЙ",209721663.75,240775931.4,267627499.09,273190827.61
    Приволжский федеральный округ,Промышленное производство (промышленность),11035337409.16,12987369412.14,13522464802.69,12427971245.92
        Республика Башкортостан,ДОБЫЧА ПОЛЕЗНЫХ ИСКОПАЕМЫХ,233703291.5,314529624.5,309096676.3,212923273.0
        Республика Башкортостан,ОБРАБАТЫВАЮЩИЕ ПРОИЗВОДСТВА,1082922943.1,1245976976.57,1320851443.3,1165509906.51
        Республика Башкортостан,"ОБЕСПЕЧЕНИЕ ЭЛЕКТРИЧЕСКОЙ ЭНЕРГИЕЙ, ГАЗОМ И ПАРОМ; КОНДИЦИОНИРОВАНИЕ ВОЗДУХА",122986510.4,128759632.57,141092975.4,137740536.7
        Республика Башкортостан,"ВОДОСНАБЖЕНИЕ; ВОДООТВЕДЕНИЕ, ОРГАНИЗАЦИЯ СБОРА И УТИЛИЗАЦИИ ОТХОДОВ, ДЕЯТЕЛЬНОСТЬ ПО ЛИКВИДАЦИИ ЗАГРЯЗНЕНИЙ",22874760.1,24792985.0,26569290.9,28160337.9
        Республика Башкортостан,Промышленное производство (промышленность),1462487505.1,1714059218.64,1797610385.9,1544334054.11
        Республика Марий Эл,ДОБЫЧА ПОЛЕЗНЫХ ИСКОПАЕМЫХ,656209.2,684005.2,677188.3,929458.4
        Республика Марий Эл,ОБРАБАТЫВАЮЩИЕ ПРОИЗВОДСТВА,152085601.1,157872055.75,161680407.07,142625577.67
        Республика Марий Эл,"ОБЕСПЕЧЕНИЕ ЭЛЕКТРИЧЕСКОЙ ЭНЕРГИЕЙ, ГАЗОМ И ПАРОМ; КОНДИЦИОНИРОВАНИЕ ВОЗДУХА",11545799.8,11878384.0,11953563.61,11947115.7
        Республика Марий Эл,"ВОДОСНАБЖЕНИЕ; ВОДООТВЕДЕНИЕ, ОРГАНИЗАЦИЯ СБОРА И УТИЛИЗАЦИИ ОТХОДОВ, ДЕЯТЕЛЬНОСТЬ ПО ЛИКВИДАЦИИ ЗАГРЯЗНЕНИЙ",4670835.0,5009938.3,5856313.1,6956325.4
        Республика Марий Эл,Промышленное производство (промышленность),168958445.1,175444383.25,180167472.08,162458477.17
        Республика Мордовия,ДОБЫЧА ПОЛЕЗНЫХ ИСКОПАЕМЫХ,77313.8,86371.5,96333.4,117125.5
        Республика Мордовия,ОБРАБАТЫВАЮЩИЕ ПРОИЗВОДСТВА,167180032.6,189093698.0,207256340.4,236603930.5
        Республика Мордовия,"ОБЕСПЕЧЕНИЕ ЭЛЕКТРИЧЕСКОЙ ЭНЕРГИЕЙ, ГАЗОМ И ПАРОМ; КОНДИЦИОНИРОВАНИЕ ВОЗДУХА",11745010.2,13576816.3,12354091.5,12387742.0
        Республика Мордовия,"ВОДОСНАБЖЕНИЕ; ВОДООТВЕДЕНИЕ, ОРГАНИЗАЦИЯ СБОРА И УТИЛИЗАЦИИ ОТХОДОВ, ДЕЯТЕЛЬНОСТЬ ПО ЛИКВИДАЦИИ ЗАГРЯЗНЕНИЙ",3347054.7,7087812.9,4172280.4,3290484.1
        Республика Мордовия,Промышленное производство (промышленность),182349411.3,209844698.7,223879045.6,252399282.1
        Республика Татарстан (Татарстан),ДОБЫЧА ПОЛЕЗНЫХ ИСКОПАЕМЫХ,547515306.4,689612358.6,688510357.1,575549655.4
        Республика Татарстан (Татарстан),ОБРАБАТЫВАЮЩИЕ ПРОИЗВОДСТВА,1596329853.77,1930682142.6,1934816919.4,1953851587.53
        Республика Татарстан (Татарстан),"ОБЕСПЕЧЕНИЕ ЭЛЕКТРИЧЕСКОЙ ЭНЕРГИЕЙ, ГАЗОМ И ПАРОМ; КОНДИЦИОНИРОВАНИЕ ВОЗДУХА",126863365.4,144762476.5,148123871.53,139394630.98
        Республика Татарстан (Татарстан),"ВОДОСНАБЖЕНИЕ; ВОДООТВЕДЕНИЕ, ОРГАНИЗАЦИЯ СБОРА И УТИЛИЗАЦИИ ОТХОДОВ, ДЕЯТЕЛЬНОСТЬ ПО ЛИКВИДАЦИИ ЗАГРЯЗНЕНИЙ",28212473.8,39540974.5,39266447.9,41261788.1
        Республика Татарстан (Татарстан),Промышленное производство (промышленность),2298920999.37,2804597952.2,2810717596.33,2710057662.01
        Удмуртская Республика,ДОБЫЧА ПОЛЕЗНЫХ ИСКОПАЕМЫХ,191063993.2,253383830.0,253857942.7,187616196.1
        Удмуртская Республика,ОБРАБАТЫВАЮЩИЕ ПРОИЗВОДСТВА,321065602.03,377641415.67,406856466.6,337062165.06
        Удмуртская Республика,"ОБЕСПЕЧЕНИЕ ЭЛЕКТРИЧЕСКОЙ ЭНЕРГИЕЙ, ГАЗОМ И ПАРОМ; КОНДИЦИОНИРОВАНИЕ ВОЗДУХА",37607632.6,40784436.0,40949487.8,41392702.2
        Удмуртская Республика,"ВОДОСНАБЖЕНИЕ; ВОДООТВЕДЕНИЕ, ОРГАНИЗАЦИЯ СБОРА И УТИЛИЗАЦИИ ОТХОДОВ, ДЕЯТЕЛЬНОСТЬ ПО ЛИКВИДАЦИИ ЗАГРЯЗНЕНИЙ",7070855.4,8645237.9,9284969.1,15502492.1
        Удмуртская Республика,Промышленное производство (промышленность),556808083.23,680454919.57,710948866.2,581573555.46
        Чувашская Республика - Чувашия,ДОБЫЧА ПОЛЕЗНЫХ ИСКОПАЕМЫХ,706047.0,997299.1,727872.3,470434.3
        Чувашская Республика - Чувашия,ОБРАБАТЫВАЮЩИЕ ПРОИЗВОДСТВА,172564654.8,197853326.4,226882384.5,221808713.37
        Чувашская Республика - Чувашия,"ОБЕСПЕЧЕНИЕ ЭЛЕКТРИЧЕСКОЙ ЭНЕРГИЕЙ, ГАЗОМ И ПАРОМ; КОНДИЦИОНИРОВАНИЕ ВОЗДУХА",24578450.4,27133324.1,26792421.2,24286704.33
        Чувашская Республика - Чувашия,"ВОДОСНАБЖЕНИЕ; ВОДООТВЕДЕНИЕ, ОРГАНИЗАЦИЯ СБОРА И УТИЛИЗАЦИИ ОТХОДОВ, ДЕЯТЕЛЬНОСТЬ ПО ЛИКВИДАЦИИ ЗАГРЯЗНЕНИЙ",6247941.4,6060206.2,7041291.3,6463987.7
        Чувашская Республика - Чувашия,Промышленное производство (промышленность),204097093.6,232044155.8,261443969.3,253029839.7
        Пермский край,ДОБЫЧА ПОЛЕЗНЫХ ИСКОПАЕМЫХ,294130026.6,387064730.0,396475934.5,289888517.5
        Пермский край,ОБРАБАТЫВАЮЩИЕ ПРОИЗВОДСТВА,933960295.68,1133053249.5,1156604514.3,1059475304.6
        Пермский край,"ОБЕСПЕЧЕНИЕ ЭЛЕКТРИЧЕСКОЙ ЭНЕРГИЕЙ, ГАЗОМ И ПАРОМ; КОНДИЦИОНИРОВАНИЕ ВОЗДУХА",118341891.49,124036036.2,129108334.8,122566259.43
        Пермский край,"ВОДОСНАБЖЕНИЕ; ВОДООТВЕДЕНИЕ, ОРГАНИЗАЦИЯ СБОРА И УТИЛИЗАЦИИ ОТХОДОВ, ДЕЯТЕЛЬНОСТЬ ПО ЛИКВИДАЦИИ ЗАГРЯЗНЕНИЙ",24410827.85,28375589.9,26741850.2,27709999.85
        Пермский край,Промышленное производство (промышленность),1370843041.62,1672529605.6,1708930633.8,1499640081.38
        Кировская область,ДОБЫЧА ПОЛЕЗНЫХ ИСКОПАЕМЫХ,1107196.8,1398936.8,2970150.0,1400797.26
        Кировская область,ОБРАБАТЫВАЮЩИЕ ПРОИЗВОДСТВА,199822000.5,232092511.8,238489911.5,255581757.88
        Кировская область,"ОБЕСПЕЧЕНИЕ ЭЛЕКТРИЧЕСКОЙ ЭНЕРГИЕЙ, ГАЗОМ И ПАРОМ; КОНДИЦИОНИРОВАНИЕ ВОЗДУХА",39382194.9,40668509.5,41181801.8,40318238.26
        Кировская область,"ВОДОСНАБЖЕНИЕ; ВОДООТВЕДЕНИЕ, ОРГАНИЗАЦИЯ СБОРА И УТИЛИЗАЦИИ ОТХОДОВ, ДЕЯТЕЛЬНОСТЬ ПО ЛИКВИДАЦИИ ЗАГРЯЗНЕНИЙ",4776300.7,7451786.8,7960807.7,8820146.16
        Кировская область,Промышленное производство (промышленность),245087692.9,281611744.9,290602671.0,306120939.56
        Нижегородская область,ДОБЫЧА ПОЛЕЗНЫХ ИСКОПАЕМЫХ,1167562.3,1800735.5,2141150.1,1474376.8
        Нижегородская область,ОБРАБАТЫВАЮЩИЕ ПРОИЗВОДСТВА,1237832576.91,1391676488.93,1498896026.64,1356573016.08
        Нижегородская область,"ОБЕСПЕЧЕНИЕ ЭЛЕКТРИЧЕСКОЙ ЭНЕРГИЕЙ, ГАЗОМ И ПАРОМ; КОНДИЦИОНИРОВАНИЕ ВОЗДУХА",99013133.8,109520130.59,110434859.73,108269824.66
        Нижегородская область,"ВОДОСНАБЖЕНИЕ; ВОДООТВЕДЕНИЕ, ОРГАНИЗАЦИЯ СБОРА И УТИЛИЗАЦИИ ОТХОДОВ, ДЕЯТЕЛЬНОСТЬ ПО ЛИКВИДАЦИИ ЗАГРЯЗНЕНИЙ",29171730.6,28789442.9,31881295.8,34461742.3
        Нижегородская область,Промышленное производство (промышленность),1367185003.61,1531786797.92,1643353332.27,1500778959.84
        Оренбургская область,ДОБЫЧА ПОЛЕЗНЫХ ИСКОПАЕМЫХ,389692413.6,542496980.3,589755941.3,481121953.2
        Оренбургская область,ОБРАБАТЫВАЮЩИЕ ПРОИЗВОДСТВА,304237991.73,348347747.6,325780102.4,310290124.42
        Оренбургская область,"ОБЕСПЕЧЕНИЕ ЭЛЕКТРИЧЕСКОЙ ЭНЕРГИЕЙ, ГАЗОМ И ПАРОМ; КОНДИЦИОНИРОВАНИЕ ВОЗДУХА",57928280.9,61913293.0,67292595.6,65022981.07
        Оренбургская область,"ВОДОСНАБЖЕНИЕ; ВОДООТВЕДЕНИЕ, ОРГАНИЗАЦИЯ СБОРА И УТИЛИЗАЦИИ ОТХОДОВ, ДЕЯТЕЛЬНОСТЬ ПО ЛИКВИДАЦИИ ЗАГРЯЗНЕНИЙ",13608191.7,19116079.2,20585344.7,24327045.9
        Оренбургская область,Промышленное производство (промышленность),765466877.93,971874100.1,1003413984.0,880762104.59
        Пензенская область,ДОБЫЧА ПОЛЕЗНЫХ ИСКОПАЕМЫХ,890440.7,909449.8,1583658.3,1858515.4
        Пензенская область,ОБРАБАТЫВАЮЩИЕ ПРОИЗВОДСТВА,195823094.7,196327046.1,223956287.3,262498489.0
        Пензенская область,"ОБЕСПЕЧЕНИЕ ЭЛЕКТРИЧЕСКОЙ ЭНЕРГИЕЙ, ГАЗОМ И ПАРОМ; КОНДИЦИОНИРОВАНИЕ ВОЗДУХА",22153133.5,22595526.1,22635363.7,21705316.7
        Пензенская область,"ВОДОСНАБЖЕНИЕ; ВОДООТВЕДЕНИЕ, ОРГАНИЗАЦИЯ СБОРА И УТИЛИЗАЦИИ ОТХОДОВ, ДЕЯТЕЛЬНОСТЬ ПО ЛИКВИДАЦИИ ЗАГРЯЗНЕНИЙ",5328623.3,5565486.4,7295396.5,7271692.2
        Пензенская область,Промышленное производство (промышленность),224195292.2,225397508.4,255470705.8,293334013.3
        Самарская область,ДОБЫЧА ПОЛЕЗНЫХ ИСКОПАЕМЫХ,273744462.2,368182671.1,371281609.8,272383632.4
        Самарская область,ОБРАБАТЫВАЮЩИЕ ПРОИЗВОДСТВА,969527951.9,1098570160.1,1156026624.0,1087820856.8
        Самарская область,"ОБЕСПЕЧЕНИЕ ЭЛЕКТРИЧЕСКОЙ ЭНЕРГИЕЙ, ГАЗОМ И ПАРОМ; КОНДИЦИОНИРОВАНИЕ ВОЗДУХА",115780187.5,125309424.8,126851017.5,140904474.23
        Самарская область,"ВОДОСНАБЖЕНИЕ; ВОДООТВЕДЕНИЕ, ОРГАНИЗАЦИЯ СБОРА И УТИЛИЗАЦИИ ОТХОДОВ, ДЕЯТЕЛЬНОСТЬ ПО ЛИКВИДАЦИИ ЗАГРЯЗНЕНИЙ",40486961.6,37642015.4,49393171.69,46543909.8
        Самарская область,Промышленное производство (промышленность),1399539563.2,1629704271.4,1703552422.99,1547652873.23
        Саратовская область,ДОБЫЧА ПОЛЕЗНЫХ ИСКОПАЕМЫХ,30491657.1,42025513.4,34948048.5,34408819.4
        Саратовская область,ОБРАБАТЫВАЮЩИЕ ПРОИЗВОДСТВА,352459412.26,398718530.55,410146074.86,427571767.55
        Саратовская область,"ОБЕСПЕЧЕНИЕ ЭЛЕКТРИЧЕСКОЙ ЭНЕРГИЕЙ, ГАЗОМ И ПАРОМ; КОНДИЦИОНИРОВАНИЕ ВОЗДУХА",96236272.2,101302265.2,98182769.06,94980232.9
        Саратовская область,"ВОДОСНАБЖЕНИЕ; ВОДООТВЕДЕНИЕ, ОРГАНИЗАЦИЯ СБОРА И УТИЛИЗАЦИИ ОТХОДОВ, ДЕЯТЕЛЬНОСТЬ ПО ЛИКВИДАЦИИ ЗАГРЯЗНЕНИЙ",11207927.9,12763263.5,22338987.3,12703500.7
        Саратовская область,Промышленное производство (промышленность),490395269.46,554809572.65,565615879.72,569664320.55
        Ульяновская область,ДОБЫЧА ПОЛЕЗНЫХ ИСКОПАЕМЫХ,7096371.8,7982431.7,13373720.5,14093423.36
        Ульяновская область,ОБРАБАТЫВАЮЩИЕ ПРОИЗВОДСТВА,256479843.44,256859339.41,316814031.0,276051692.06
        Ульяновская область,"ОБЕСПЕЧЕНИЕ ЭЛЕКТРИЧЕСКОЙ ЭНЕРГИЕЙ, ГАЗОМ И ПАРОМ; КОНДИЦИОНИРОВАНИЕ ВОЗДУХА",27119735.6,28433599.4,27330033.7,26302592.1
        Ульяновская область,"ВОДОСНАБЖЕНИЕ; ВОДООТВЕДЕНИЕ, ОРГАНИЗАЦИЯ СБОРА И УТИЛИЗАЦИИ ОТХОДОВ, ДЕЯТЕЛЬНОСТЬ ПО ЛИКВИДАЦИИ ЗАГРЯЗНЕНИЙ",8307179.7,9935112.5,9240052.5,9717375.4
        Ульяновская область,Промышленное производство (промышленность),299003130.54,303210483.01,366757837.7,326165082.92
    Уральский федеральный округ,ДОБЫЧА ПОЛЕЗНЫХ ИСКОПАЕМЫХ,5202481881.8,6683342184.9,6953555300.8,5435762376.2
    Уральский федеральный округ,ОБРАБАТЫВАЮЩИЕ ПРОИЗВОДСТВА,4760491513.45,5485925124.48,5384620474.1,5134876200.01
    Уральский федеральный округ,"ОБЕСПЕЧЕНИЕ ЭЛЕКТРИЧЕСКОЙ ЭНЕРГИЕЙ, ГАЗОМ И ПАРОМ; КОНДИЦИОНИРОВАНИЕ ВОЗДУХА",712098174.53,705288076.97,749744245.74,722111842.2
    Уральский федеральный округ,"ВОДОСНАБЖЕНИЕ; ВОДООТВЕДЕНИЕ, ОРГАНИЗАЦИЯ СБОРА И УТИЛИЗАЦИИ ОТХОДОВ, ДЕЯТЕЛЬНОСТЬ ПО ЛИКВИДАЦИИ ЗАГРЯЗНЕНИЙ",142211170.3,163146966.2,172106824.28,174049923.66
    Уральский федеральный округ,Промышленное производство (промышленность),10817282740.08,13037702352.55,13260026844.92,11466800342.07
        Курганская область,ДОБЫЧА ПОЛЕЗНЫХ ИСКОПАЕМЫХ,3314896.9,3221649.8,3595211.8,3393374.8
        Курганская область,ОБРАБАТЫВАЮЩИЕ ПРОИЗВОДСТВА,96669690.71,105499743.8,125411769.47,123383789.96
        Курганская область,"ОБЕСПЕЧЕНИЕ ЭЛЕКТРИЧЕСКОЙ ЭНЕРГИЕЙ, ГАЗОМ И ПАРОМ; КОНДИЦИОНИРОВАНИЕ ВОЗДУХА",20540307.2,21324002.26,21155982.8,19464469.3
        Курганская область,"ВОДОСНАБЖЕНИЕ; ВОДООТВЕДЕНИЕ, ОРГАНИЗАЦИЯ СБОРА И УТИЛИЗАЦИИ ОТХОДОВ, ДЕЯТЕЛЬНОСТЬ ПО ЛИКВИДАЦИИ ЗАГРЯЗНЕНИЙ",2856232.97,3942593.6,4200716.16,3400843.9
        Курганская область,Промышленное производство (промышленность),123381127.78,133987989.46,154363680.23,149642477.96
        Свердловская область,ДОБЫЧА ПОЛЕЗНЫХ ИСКОПАЕМЫХ,66980115.2,76538246.8,92683459.1,92526767.4
        Свердловская область,ОБРАБАТЫВАЮЩИЕ ПРОИЗВОДСТВА,1734335314.71,1968982302.24,2039462931.83,2072196704.81
        Свердловская область,"ОБЕСПЕЧЕНИЕ ЭЛЕКТРИЧЕСКОЙ ЭНЕРГИЕЙ, ГАЗОМ И ПАРОМ; КОНДИЦИОНИРОВАНИЕ ВОЗДУХА",235726163.34,243507469.37,255389506.94,245175701.1
        Свердловская область,"ВОДОСНАБЖЕНИЕ; ВОДООТВЕДЕНИЕ, ОРГАНИЗАЦИЯ СБОРА И УТИЛИЗАЦИИ ОТХОДОВ, ДЕЯТЕЛЬНОСТЬ ПО ЛИКВИДАЦИИ ЗАГРЯЗНЕНИЙ",60330100.2,70626661.2,80965530.52,77608009.86
        Свердловская область,Промышленное производство (промышленность),2097371693.45,2359654679.61,2468501428.39,2487507183.17
        Тюменская область,ДОБЫЧА ПОЛЕЗНЫХ ИСКОПАЕМЫХ,5068914495.2,6522592653.8,6768641326.3,5200222920.5
        Тюменская область,ОБРАБАТЫВАЮЩИЕ ПРОИЗВОДСТВА,1568612661.93,1919668690.34,1738763393.7,1527071298.14
        Тюменская область,"ОБЕСПЕЧЕНИЕ ЭЛЕКТРИЧЕСКОЙ ЭНЕРГИЕЙ, ГАЗОМ И ПАРОМ; КОНДИЦИОНИРОВАНИЕ ВОЗДУХА",318850040.5,317522451.74,344384406.2,327973848.8
        Тюменская область,"ВОДОСНАБЖЕНИЕ; ВОДООТВЕДЕНИЕ, ОРГАНИЗАЦИЯ СБОРА И УТИЛИЗАЦИИ ОТХОДОВ, ДЕЯТЕЛЬНОСТЬ ПО ЛИКВИДАЦИИ ЗАГРЯЗНЕНИЙ",44790441.3,45797097.9,47117002.3,55802209.3
        Тюменская область,Промышленное производство (промышленность),7001167638.93,8805580893.78,8898906128.5,7111070276.74
            Ханты-Мансийский автономный округ - Югра (Тюменская область),ДОБЫЧА ПОЛЕЗНЫХ ИСКОПАЕМЫХ,2983367501.9,3778781562.5,3859612316.8,2659122568.6
            Ханты-Мансийский автономный округ - Югра (Тюменская область),ОБРАБАТЫВАЮЩИЕ ПРОИЗВОДСТВА,534441259.7,673173395.9,699831990.23,567899557.74
            Ханты-Мансийский автономный округ - Югра (Тюменская область),"ОБЕСПЕЧЕНИЕ ЭЛЕКТРИЧЕСКОЙ ЭНЕРГИЕЙ, ГАЗОМ И ПАРОМ; КОНДИЦИОНИРОВАНИЕ ВОЗДУХА",215479082.5,218778073.0,231027141.3,215684434.4
            Ханты-Мансийский автономный округ - Югра (Тюменская область),"ВОДОСНАБЖЕНИЕ; ВОДООТВЕДЕНИЕ, ОРГАНИЗАЦИЯ СБОРА И УТИЛИЗАЦИИ ОТХОДОВ, ДЕЯТЕЛЬНОСТЬ ПО ЛИКВИДАЦИИ ЗАГРЯЗНЕНИЙ",22731654.4,24909283.1,24548879.8,23768335.3
            Ханты-Мансийский автономный округ - Югра (Тюменская область),Промышленное производство (промышленность),3756019498.5,4695642314.5,4815020328.13,3466474896.04
            Ямало-Ненецкий автономный округ (Тюменская область),ДОБЫЧА ПОЛЕЗНЫХ ИСКОПАЕМЫХ,1911722338.8,2470589614.8,2664635019.7,2357945159.6
            Ямало-Ненецкий автономный округ (Тюменская область),ОБРАБАТЫВАЮЩИЕ ПРОИЗВОДСТВА,346798851.23,442186879.05,376534862.26,307490084.98
            Ямало-Ненецкий автономный округ (Тюменская область),"ОБЕСПЕЧЕНИЕ ЭЛЕКТРИЧЕСКОЙ ЭНЕРГИЕЙ, ГАЗОМ И ПАРОМ; КОНДИЦИОНИРОВАНИЕ ВОЗДУХА",58692887.6,47356653.0,56403838.2,53303625.2
            Ямало-Ненецкий автономный округ (Тюменская область),"ВОДОСНАБЖЕНИЕ; ВОДООТВЕДЕНИЕ, ОРГАНИЗАЦИЯ СБОРА И УТИЛИЗАЦИИ ОТХОДОВ, ДЕЯТЕЛЬНОСТЬ ПО ЛИКВИДАЦИИ ЗАГРЯЗНЕНИЙ",10388079.3,10253197.3,11326370.6,13571615.3
            Ямало-Ненецкий автономный округ (Тюменская область),Промышленное производство (промышленность),2327602156.93,2970386344.15,3108900090.76,2732310485.08
            Тюменская область (кроме Ханты-Мансийского автономного округа-Югры и Ямало-Ненецкого автономного округа),ДОБЫЧА ПОЛЕЗНЫХ ИСКОПАЕМЫХ,173824654.5,273221476.5,244393989.8,183155192.3
            Тюменская область (кроме Ханты-Мансийского автономного округа-Югры и Ямало-Ненецкого автономного округа),ОБРАБАТЫВАЮЩИЕ ПРОИЗВОДСТВА,687372551.0,804308415.39,662396541.21,651681655.42
            Тюменская область (кроме Ханты-Мансийского автономного округа-Югры и Ямало-Ненецкого автономного округа),"ОБЕСПЕЧЕНИЕ ЭЛЕКТРИЧЕСКОЙ ЭНЕРГИЕЙ, ГАЗОМ И ПАРОМ; КОНДИЦИОНИРОВАНИЕ ВОЗДУХА",44678070.4,51387725.74,56953426.7,58985789.2
            Тюменская область (кроме Ханты-Мансийского автономного округа-Югры и Ямало-Ненецкого автономного округа),"ВОДОСНАБЖЕНИЕ; ВОДООТВЕДЕНИЕ, ОРГАНИЗАЦИЯ СБОРА И УТИЛИЗАЦИИ ОТХОДОВ, ДЕЯТЕЛЬНОСТЬ ПО ЛИКВИДАЦИИ ЗАГРЯЗНЕНИЙ",11670707.6,10634617.5,11241751.9,18462258.7
            Тюменская область (кроме Ханты-Мансийского автономного округа-Югры и Ямало-Ненецкого автономного округа),Промышленное производство (промышленность),917545983.5,1139552235.13,974985709.61,912284895.62
        Челябинская область,ДОБЫЧА ПОЛЕЗНЫХ ИСКОПАЕМЫХ,63272374.5,80989634.5,88635303.6,139619313.5
        Челябинская область,ОБРАБАТЫВАЮЩИЕ ПРОИЗВОДСТВА,1360873846.1,1491774388.1,1480982379.1,1412224407.1
        Челябинская область,"ОБЕСПЕЧЕНИЕ ЭЛЕКТРИЧЕСКОЙ ЭНЕРГИЕЙ, ГАЗОМ И ПАРОМ; КОНДИЦИОНИРОВАНИЕ ВОЗДУХА",136981663.49,122934153.6,128814349.8,129497823.0
        Челябинская область,"ВОДОСНАБЖЕНИЕ; ВОДООТВЕДЕНИЕ, ОРГАНИЗАЦИЯ СБОРА И УТИЛИЗАЦИИ ОТХОДОВ, ДЕЯТЕЛЬНОСТЬ ПО ЛИКВИДАЦИИ ЗАГРЯЗНЕНИЙ",34234395.83,42780613.5,39823575.3,37238860.6
        Челябинская область,Промышленное производство (промышленность),1595362279.92,1738478789.7,1738255607.8,1718580404.2
    Сибирский федеральный округ,ДОБЫЧА ПОЛЕЗНЫХ ИСКОПАЕМЫХ,2225155103.4,2872592352.0,2721670162.4,2159688572.8
    Сибирский федеральный округ,ОБРАБАТЫВАЮЩИЕ ПРОИЗВОДСТВА,3825717376.75,4473041691.09,4904131764.72,4982555335.17
    Сибирский федеральный округ,"ОБЕСПЕЧЕНИЕ ЭЛЕКТРИЧЕСКОЙ ЭНЕРГИЕЙ, ГАЗОМ И ПАРОМ; КОНДИЦИОНИРОВАНИЕ ВОЗДУХА",618728036.49,652264469.78,665992709.01,670113273.29
    Сибирский федеральный округ,"ВОДОСНАБЖЕНИЕ; ВОДООТВЕДЕНИЕ, ОРГАНИЗАЦИЯ СБОРА И УТИЛИЗАЦИИ ОТХОДОВ, ДЕЯТЕЛЬНОСТЬ ПО ЛИКВИДАЦИИ ЗАГРЯЗНЕНИЙ",104623399.2,118448874.19,124976753.49,185092413.08
    Сибирский федеральный округ,Промышленное производство (промышленность),6774223916.44,8116347387.16,8416771389.52,7997449594.34
        Республика Алтай,ДОБЫЧА ПОЛЕЗНЫХ ИСКОПАЕМЫХ,3593458.6,2687977.3,1114021.0,851450.2
        Республика Алтай,ОБРАБАТЫВАЮЩИЕ ПРОИЗВОДСТВА,4994646.45,3560706.2,3537351.5,4534270.1
        Республика Алтай,"ОБЕСПЕЧЕНИЕ ЭЛЕКТРИЧЕСКОЙ ЭНЕРГИЕЙ, ГАЗОМ И ПАРОМ; КОНДИЦИОНИРОВАНИЕ ВОЗДУХА",2822010.4,3047967.3,2880292.9,2739793.3
        Республика Алтай,"ВОДОСНАБЖЕНИЕ; ВОДООТВЕДЕНИЕ, ОРГАНИЗАЦИЯ СБОРА И УТИЛИЗАЦИИ ОТХОДОВ, ДЕЯТЕЛЬНОСТЬ ПО ЛИКВИДАЦИИ ЗАГРЯЗНЕНИЙ",356266.0,395166.5,525308.1,586150.7
        Республика Алтай,Промышленное производство (промышленность),11766381.45,9691817.3,8056973.5,8711664.3
        Республика Тыва,ДОБЫЧА ПОЛЕЗНЫХ ИСКОПАЕМЫХ,23346742.0,28677767.4,21458464.3,16860405.0
        Республика Тыва,ОБРАБАТЫВАЮЩИЕ ПРОИЗВОДСТВА,369788.87,518354.9,666461.51,562091.74
        Республика Тыва,"ОБЕСПЕЧЕНИЕ ЭЛЕКТРИЧЕСКОЙ ЭНЕРГИЕЙ, ГАЗОМ И ПАРОМ; КОНДИЦИОНИРОВАНИЕ ВОЗДУХА",4668823.9,4290835.7,4787984.6,5468176.63
        Республика Тыва,"ВОДОСНАБЖЕНИЕ; ВОДООТВЕДЕНИЕ, ОРГАНИЗАЦИЯ СБОРА И УТИЛИЗАЦИИ ОТХОДОВ, ДЕЯТЕЛЬНОСТЬ ПО ЛИКВИДАЦИИ ЗАГРЯЗНЕНИЙ",326348.5,279448.9,332820.8,401160.6
        Республика Тыва,Промышленное производство (промышленность),28711703.27,33766406.9,27245731.21,23291833.97
        Республика Хакасия,ДОБЫЧА ПОЛЕЗНЫХ ИСКОПАЕМЫХ,52497463.5,74047146.6,69368667.2,72383462.4
        Республика Хакасия,ОБРАБАТЫВАЮЩИЕ ПРОИЗВОДСТВА,87249502.4,91647742.4,101638207.8,106392496.4
        Республика Хакасия,"ОБЕСПЕЧЕНИЕ ЭЛЕКТРИЧЕСКОЙ ЭНЕРГИЕЙ, ГАЗОМ И ПАРОМ; КОНДИЦИОНИРОВАНИЕ ВОЗДУХА",47622145.3,53139951.1,50836026.5,56071056.9
        Республика Хакасия,"ВОДОСНАБЖЕНИЕ; ВОДООТВЕДЕНИЕ, ОРГАНИЗАЦИЯ СБОРА И УТИЛИЗАЦИИ ОТХОДОВ, ДЕЯТЕЛЬНОСТЬ ПО ЛИКВИДАЦИИ ЗАГРЯЗНЕНИЙ",1455208.9,1622158.2,2259275.4,2191259.0
        Республика Хакасия,Промышленное производство (промышленность),188824320.1,220456998.4,224102176.9,237038274.7
        Алтайский край,ДОБЫЧА ПОЛЕЗНЫХ ИСКОПАЕМЫХ,6143029.4,5023392.5,7745963.3,9146146.1
        Алтайский край,ОБРАБАТЫВАЮЩИЕ ПРОИЗВОДСТВА,307969929.4,322810259.6,357699013.3,361880102.22
        Алтайский край,"ОБЕСПЕЧЕНИЕ ЭЛЕКТРИЧЕСКОЙ ЭНЕРГИЕЙ, ГАЗОМ И ПАРОМ; КОНДИЦИОНИРОВАНИЕ ВОЗДУХА",45806615.7,47439687.08,43900541.6,44741016.3
        Алтайский край,"ВОДОСНАБЖЕНИЕ; ВОДООТВЕДЕНИЕ, ОРГАНИЗАЦИЯ СБОРА И УТИЛИЗАЦИИ ОТХОДОВ, ДЕЯТЕЛЬНОСТЬ ПО ЛИКВИДАЦИИ ЗАГРЯЗНЕНИЙ",8068621.4,10323033.0,9813456.6,10454410.5
        Алтайский край,Промышленное производство (промышленность),367988195.7,385596372.18,419158974.7,426221675.12
        Красноярский край,ДОБЫЧА ПОЛЕЗНЫХ ИСКОПАЕМЫХ,552415723.1,748109024.9,780628722.5,635615997.3
        Красноярский край,ОБРАБАТЫВАЮЩИЕ ПРОИЗВОДСТВА,990877582.2,1206799065.03,1569813533.78,1727194113.6
        Красноярский край,"ОБЕСПЕЧЕНИЕ ЭЛЕКТРИЧЕСКОЙ ЭНЕРГИЕЙ, ГАЗОМ И ПАРОМ; КОНДИЦИОНИРОВАНИЕ ВОЗДУХА",163533326.4,174981917.6,176652788.84,174520929.7
        Красноярский край,"ВОДОСНАБЖЕНИЕ; ВОДООТВЕДЕНИЕ, ОРГАНИЗАЦИЯ СБОРА И УТИЛИЗАЦИИ ОТХОДОВ, ДЕЯТЕЛЬНОСТЬ ПО ЛИКВИДАЦИИ ЗАГРЯЗНЕНИЙ",28897892.8,28813336.5,30435233.66,33840312.56
        Красноярский край,Промышленное производство (промышленность),1735724524.5,2158703344.03,2557530278.78,2571171353.16
        Иркутская область,ДОБЫЧА ПОЛЕЗНЫХ ИСКОПАЕМЫХ,455207014.6,603873437.7,619092165.9,533657684.0
        Иркутская область,ОБРАБАТЫВАЮЩИЕ ПРОИЗВОДСТВА,481866224.9,513814787.3,495138424.0,531602808.9
        Иркутская область,"ОБЕСПЕЧЕНИЕ ЭЛЕКТРИЧЕСКОЙ ЭНЕРГИЕЙ, ГАЗОМ И ПАРОМ; КОНДИЦИОНИРОВАНИЕ ВОЗДУХА",111750235.2,120261378.1,129839087.9,131246617.9
        Иркутская область,"ВОДОСНАБЖЕНИЕ; ВОДООТВЕДЕНИЕ, ОРГАНИЗАЦИЯ СБОРА И УТИЛИЗАЦИИ ОТХОДОВ, ДЕЯТЕЛЬНОСТЬ ПО ЛИКВИДАЦИИ ЗАГРЯЗНЕНИЙ",14309206.4,17838777.6,15510677.4,21413422.2
        Иркутская область,Промышленное производство (промышленность),1063132681.1,1255788380.7,1259580355.2,1217920533.0
        Кемеровская область - Кузбасс,ДОБЫЧА ПОЛЕЗНЫХ ИСКОПАЕМЫХ,899155792.2,1097994904.1,947067758.3,722401467.5
        Кемеровская область - Кузбасс,ОБРАБАТЫВАЮЩИЕ ПРОИЗВОДСТВА,545842424.05,650682863.85,662509753.06,621927423.81
        Кемеровская область - Кузбасс,"ОБЕСПЕЧЕНИЕ ЭЛЕКТРИЧЕСКОЙ ЭНЕРГИЕЙ, ГАЗОМ И ПАРОМ; КОНДИЦИОНИРОВАНИЕ ВОЗДУХА",96517554.6,95661909.5,97458451.47,101545151.8
        Кемеровская область - Кузбасс,"ВОДОСНАБЖЕНИЕ; ВОДООТВЕДЕНИЕ, ОРГАНИЗАЦИЯ СБОРА И УТИЛИЗАЦИИ ОТХОДОВ, ДЕЯТЕЛЬНОСТЬ ПО ЛИКВИДАЦИИ ЗАГРЯЗНЕНИЙ",17250827.2,22062796.09,21617652.6,69932690.3
        Кемеровская область - Кузбасс,Промышленное производство (промышленность),1558766598.45,1866402473.54,1728653615.43,1515806733.41
        Новосибирская область,ДОБЫЧА ПОЛЕЗНЫХ ИСКОПАЕМЫХ,50567715.6,90660747.4,77494551.6,51475249.3
        Новосибирская область,ОБРАБАТЫВАЮЩИЕ ПРОИЗВОДСТВА,459488991.46,533607176.61,548433242.81,564073883.19
        Новосибирская область,"ОБЕСПЕЧЕНИЕ ЭЛЕКТРИЧЕСКОЙ ЭНЕРГИЕЙ, ГАЗОМ И ПАРОМ; КОНДИЦИОНИРОВАНИЕ ВОЗДУХА",59641293.09,61720486.99,69251801.7,68675540.86
        Новосибирская область,"ВОДОСНАБЖЕНИЕ; ВОДООТВЕДЕНИЕ, ОРГАНИЗАЦИЯ СБОРА И УТИЛИЗАЦИИ ОТХОДОВ, ДЕЯТЕЛЬНОСТЬ ПО ЛИКВИДАЦИИ ЗАГРЯЗНЕНИЙ",17521955.6,17314493.8,24564635.33,23785897.42
        Новосибирская область,Промышленное производство (промышленность),587219955.75,703302904.8,719744231.44,708010570.77
        Омская область,ДОБЫЧА ПОЛЕЗНЫХ ИСКОПАЕМЫХ,3165219.4,3822291.2,3435963.2,2061436.0
        Омская область,ОБРАБАТЫВАЮЩИЕ ПРОИЗВОДСТВА,791301041.92,961524486.5,964219806.66,865391001.81
        Омская область,"ОБЕСПЕЧЕНИЕ ЭЛЕКТРИЧЕСКОЙ ЭНЕРГИЕЙ, ГАЗОМ И ПАРОМ; КОНДИЦИОНИРОВАНИЕ ВОЗДУХА",50397131.0,53352574.3,54694784.5,53184668.8
        Омская область,"ВОДОСНАБЖЕНИЕ; ВОДООТВЕДЕНИЕ, ОРГАНИЗАЦИЯ СБОРА И УТИЛИЗАЦИИ ОТХОДОВ, ДЕЯТЕЛЬНОСТЬ ПО ЛИКВИДАЦИИ ЗАГРЯЗНЕНИЙ",8672702.6,10936899.2,11210578.4,13718542.9
        Омская область,Промышленное производство (промышленность),853536094.92,1029636251.2,1033561132.76,934355649.51
        Томская область,ДОБЫЧА ПОЛЕЗНЫХ ИСКОПАЕМЫХ,179062945.0,217695662.9,194263885.1,115235275.0
        Томская область,ОБРАБАТЫВАЮЩИЕ ПРОИЗВОДСТВА,155757245.1,188076248.7,200475970.3,198997143.4
        Томская область,"ОБЕСПЕЧЕНИЕ ЭЛЕКТРИЧЕСКОЙ ЭНЕРГИЕЙ, ГАЗОМ И ПАРОМ; КОНДИЦИОНИРОВАНИЕ ВОЗДУХА",35968900.9,38367762.11,35690949.0,31920321.1
        Томская область,"ВОДОСНАБЖЕНИЕ; ВОДООТВЕДЕНИЕ, ОРГАНИЗАЦИЯ СБОРА И УТИЛИЗАЦИИ ОТХОДОВ, ДЕЯТЕЛЬНОСТЬ ПО ЛИКВИДАЦИИ ЗАГРЯЗНЕНИЙ",7764369.8,8862764.4,8707115.2,8768566.9
        Томская область,Промышленное производство (промышленность),378553461.2,453002438.11,439137919.6,354921306.4
    Дальневосточный федеральный округ,ДОБЫЧА ПОЛЕЗНЫХ ИСКОПАЕМЫХ,1768761884.9,2355932687.2,2210463654.5,2053694119.95
    Дальневосточный федеральный округ,ОБРАБАТЫВАЮЩИЕ ПРОИЗВОДСТВА,788270437.95,873761607.09,1260597199.45,1343113205.52
    Дальневосточный федеральный округ,"ОБЕСПЕЧЕНИЕ ЭЛЕКТРИЧЕСКОЙ ЭНЕРГИЕЙ, ГАЗОМ И ПАРОМ; КОНДИЦИОНИРОВАНИЕ ВОЗДУХА",336100339.3,352960263.93,376677493.83,382940503.19
    Дальневосточный федеральный округ,"ВОДОСНАБЖЕНИЕ; ВОДООТВЕДЕНИЕ, ОРГАНИЗАЦИЯ СБОРА И УТИЛИЗАЦИИ ОТХОДОВ, ДЕЯТЕЛЬНОСТЬ ПО ЛИКВИДАЦИИ ЗАГРЯЗНЕНИЙ",35493230.5,38369656.13,62397759.6,47855699.68
    Дальневосточный федеральный округ,Промышленное производство (промышленность),2928625892.65,3621024214.35,3910136107.48,3827603528.24
        Республика Бурятия,ДОБЫЧА ПОЛЕЗНЫХ ИСКОПАЕМЫХ,25331274.2,27973946.0,36803579.9,48765852.6
        Республика Бурятия,ОБРАБАТЫВАЮЩИЕ ПРОИЗВОДСТВА,59164140.25,65598476.5,75070102.12,97767864.62
        Республика Бурятия,"ОБЕСПЕЧЕНИЕ ЭЛЕКТРИЧЕСКОЙ ЭНЕРГИЕЙ, ГАЗОМ И ПАРОМ; КОНДИЦИОНИРОВАНИЕ ВОЗДУХА",26887938.8,26273045.43,24856390.1,26559640.3
        Республика Бурятия,"ВОДОСНАБЖЕНИЕ; ВОДООТВЕДЕНИЕ, ОРГАНИЗАЦИЯ СБОРА И УТИЛИЗАЦИИ ОТХОДОВ, ДЕЯТЕЛЬНОСТЬ ПО ЛИКВИДАЦИИ ЗАГРЯЗНЕНИЙ",1511671.0,1723892.23,2693249.7,3249746.5
        Республика Бурятия,Промышленное производство (промышленность),112895024.25,121569360.16,139423321.82,176343104.02
        Забайкальский край,ДОБЫЧА ПОЛЕЗНЫХ ИСКОПАЕМЫХ,82184427.8,108399914.4,134850557.6,171636571.6
        Забайкальский край,ОБРАБАТЫВАЮЩИЕ ПРОИЗВОДСТВА,26309385.5,23788423.38,28121798.67,29004343.5
        Забайкальский край,"ОБЕСПЕЧЕНИЕ ЭЛЕКТРИЧЕСКОЙ ЭНЕРГИЕЙ, ГАЗОМ И ПАРОМ; КОНДИЦИОНИРОВАНИЕ ВОЗДУХА",31144058.1,34259480.9,35479300.3,34863653.0
        Забайкальский край,"ВОДОСНАБЖЕНИЕ; ВОДООТВЕДЕНИЕ, ОРГАНИЗАЦИЯ СБОРА И УТИЛИЗАЦИИ ОТХОДОВ, ДЕЯТЕЛЬНОСТЬ ПО ЛИКВИДАЦИИ ЗАГРЯЗНЕНИЙ",2841751.5,3330325.1,2765631.3,4031109.7
        Забайкальский край,Промышленное производство (промышленность),142479623.0,169778143.78,201217287.67,239535677.8
        Республика Саха (Якутия),ДОБЫЧА ПОЛЕЗНЫХ ИСКОПАЕМЫХ,599619617.0,804388469.8,886421979.4,823669498.5
        Республика Саха (Якутия),ОБРАБАТЫВАЮЩИЕ ПРОИЗВОДСТВА,34851643.55,37174634.51,40398782.26,33951941.57
        Республика Саха (Якутия),"ОБЕСПЕЧЕНИЕ ЭЛЕКТРИЧЕСКОЙ ЭНЕРГИЕЙ, ГАЗОМ И ПАРОМ; КОНДИЦИОНИРОВАНИЕ ВОЗДУХА",61132880.8,66210358.2,70798519.4,72359864.81
        Республика Саха (Якутия),"ВОДОСНАБЖЕНИЕ; ВОДООТВЕДЕНИЕ, ОРГАНИЗАЦИЯ СБОРА И УТИЛИЗАЦИИ ОТХОДОВ, ДЕЯТЕЛЬНОСТЬ ПО ЛИКВИДАЦИИ ЗАГРЯЗНЕНИЙ",5174681.0,5384064.5,6818780.1,7219543.0
        Республика Саха (Якутия),Промышленное производство (промышленность),700778822.25,913157527.01,1004438061.06,937200847.88
        Камчатский край,ДОБЫЧА ПОЛЕЗНЫХ ИСКОПАЕМЫХ,19729127.6,21517681.8,23598638.4,30559560.7
        Камчатский край,ОБРАБАТЫВАЮЩИЕ ПРОИЗВОДСТВА,99559708.9,133150617.3,138697117.5,123011432.7
        Камчатский край,"ОБЕСПЕЧЕНИЕ ЭЛЕКТРИЧЕСКОЙ ЭНЕРГИЕЙ, ГАЗОМ И ПАРОМ; КОНДИЦИОНИРОВАНИЕ ВОЗДУХА",21588027.2,18223566.7,21429670.0,22291178.2
        Камчатский край,"ВОДОСНАБЖЕНИЕ; ВОДООТВЕДЕНИЕ, ОРГАНИЗАЦИЯ СБОРА И УТИЛИЗАЦИИ ОТХОДОВ, ДЕЯТЕЛЬНОСТЬ ПО ЛИКВИДАЦИИ ЗАГРЯЗНЕНИЙ",2554609.2,2501403.4,3193639.4,2952087.6
        Камчатский край,Промышленное производство (промышленность),143431472.9,175393269.2,186919065.3,178814259.1
        Приморский край,ДОБЫЧА ПОЛЕЗНЫХ ИСКОПАЕМЫХ,19568104.2,22557249.5,23711331.8,23985049.45
        Приморский край,ОБРАБАТЫВАЮЩИЕ ПРОИЗВОДСТВА,229129511.8,235887764.7,296108830.7,239009609.26
        Приморский край,"ОБЕСПЕЧЕНИЕ ЭЛЕКТРИЧЕСКОЙ ЭНЕРГИЕЙ, ГАЗОМ И ПАРОМ; КОНДИЦИОНИРОВАНИЕ ВОЗДУХА",62629200.0,66550473.2,66326886.3,69290575.9
        Приморский край,"ВОДОСНАБЖЕНИЕ; ВОДООТВЕДЕНИЕ, ОРГАНИЗАЦИЯ СБОРА И УТИЛИЗАЦИИ ОТХОДОВ, ДЕЯТЕЛЬНОСТЬ ПО ЛИКВИДАЦИИ ЗАГРЯЗНЕНИЙ",9475656.6,9549651.8,9773409.7,11045618.08
        Приморский край,Промышленное производство (промышленность),320802472.6,334545139.2,395920458.5,343330852.69
        Хабаровский край,ДОБЫЧА ПОЛЕЗНЫХ ИСКОПАЕМЫХ,78459364.2,91358325.0,22102423.2,27568168.6
        Хабаровский край,ОБРАБАТЫВАЮЩИЕ ПРОИЗВОДСТВА,244084602.25,271571109.1,353832602.9,406826629.0
        Хабаровский край,"ОБЕСПЕЧЕНИЕ ЭЛЕКТРИЧЕСКОЙ ЭНЕРГИЕЙ, ГАЗОМ И ПАРОМ; КОНДИЦИОНИРОВАНИЕ ВОЗДУХА",53618544.0,57061213.3,61520909.9,57923804.8
        Хабаровский край,"ВОДОСНАБЖЕНИЕ; ВОДООТВЕДЕНИЕ, ОРГАНИЗАЦИЯ СБОРА И УТИЛИЗАЦИИ ОТХОДОВ, ДЕЯТЕЛЬНОСТЬ ПО ЛИКВИДАЦИИ ЗАГРЯЗНЕНИЙ",6804926.9,8243883.1,27389989.3,9521832.9
        Хабаровский край,Промышленное производство (промышленность),382967437.35,428234530.5,464845925.3,501840435.3
        Амурская область,ДОБЫЧА ПОЛЕЗНЫХ ИСКОПАЕМЫХ,64359021.7,60169335.7,82506015.1,116722688.8
        Амурская область,ОБРАБАТЫВАЮЩИЕ ПРОИЗВОДСТВА,31095364.8,34091035.6,39032331.9,39093856.5
        Амурская область,"ОБЕСПЕЧЕНИЕ ЭЛЕКТРИЧЕСКОЙ ЭНЕРГИЕЙ, ГАЗОМ И ПАРОМ; КОНДИЦИОНИРОВАНИЕ ВОЗДУХА",36087137.1,37046365.6,45166385.3,43000318.7
        Амурская область,"ВОДОСНАБЖЕНИЕ; ВОДООТВЕДЕНИЕ, ОРГАНИЗАЦИЯ СБОРА И УТИЛИЗАЦИИ ОТХОДОВ, ДЕЯТЕЛЬНОСТЬ ПО ЛИКВИДАЦИИ ЗАГРЯЗНЕНИЙ",2880550.2,3073681.2,3308610.4,3471369.5
        Амурская область,Промышленное производство (промышленность),134422073.8,134380418.1,170013343.1,202288233.5
        Магаданская область,ДОБЫЧА ПОЛЕЗНЫХ ИСКОПАЕМЫХ,112749212.0,124936925.4,29145634.4,38636039.2
        Магаданская область,ОБРАБАТЫВАЮЩИЕ ПРОИЗВОДСТВА,4466985.5,4512167.8,147417073.0,209854248.97
        Магаданская область,"ОБЕСПЕЧЕНИЕ ЭЛЕКТРИЧЕСКОЙ ЭНЕРГИЕЙ, ГАЗОМ И ПАРОМ; КОНДИЦИОНИРОВАНИЕ ВОЗДУХА",14541354.6,16012486.2,18027088.8,18150890.9
        Магаданская область,"ВОДОСНАБЖЕНИЕ; ВОДООТВЕДЕНИЕ, ОРГАНИЗАЦИЯ СБОРА И УТИЛИЗАЦИИ ОТХОДОВ, ДЕЯТЕЛЬНОСТЬ ПО ЛИКВИДАЦИИ ЗАГРЯЗНЕНИЙ",854488.2,932517.2,1078467.3,1134119.7
        Магаданская область,Промышленное производство (промышленность),132612040.3,146394096.6,195668263.5,267775298.77
        Сахалинская область,ДОБЫЧА ПОЛЕЗНЫХ ИСКОПАЕМЫХ,693852101.3,1016799146.1,942670870.3,731920051.4
        Сахалинская область,ОБРАБАТЫВАЮЩИЕ ПРОИЗВОДСТВА,51842275.8,60300448.2,67953264.1,65896029.1
        Сахалинская область,"ОБЕСПЕЧЕНИЕ ЭЛЕКТРИЧЕСКОЙ ЭНЕРГИЕЙ, ГАЗОМ И ПАРОМ; КОНДИЦИОНИРОВАНИЕ ВОЗДУХА",16465475.9,18063158.6,18878552.23,19913057.08
        Сахалинская область,"ВОДОСНАБЖЕНИЕ; ВОДООТВЕДЕНИЕ, ОРГАНИЗАЦИЯ СБОРА И УТИЛИЗАЦИИ ОТХОДОВ, ДЕЯТЕЛЬНОСТЬ ПО ЛИКВИДАЦИИ ЗАГРЯЗНЕНИЙ",2661522.4,2620611.2,4327955.9,4135165.9
        Сахалинская область,Промышленное производство (промышленность),764821375.4,1097783364.1,1033830642.53,821864303.48
        Еврейская автономная область,ДОБЫЧА ПОЛЕЗНЫХ ИСКОПАЕМЫХ,7593200.7,10330139.2,13971686.5,17093714.5
        Еврейская автономная область,ОБРАБАТЫВАЮЩИЕ ПРОИЗВОДСТВА,6743433.7,6631527.5,6622621.2,5460452.6
        Еврейская автономная область,"ОБЕСПЕЧЕНИЕ ЭЛЕКТРИЧЕСКОЙ ЭНЕРГИЕЙ, ГАЗОМ И ПАРОМ; КОНДИЦИОНИРОВАНИЕ ВОЗДУХА",4209453.5,4454820.4,4757777.9,4967490.1
        Еврейская автономная область,"ВОДОСНАБЖЕНИЕ; ВОДООТВЕДЕНИЕ, ОРГАНИЗАЦИЯ СБОРА И УТИЛИЗАЦИИ ОТХОДОВ, ДЕЯТЕЛЬНОСТЬ ПО ЛИКВИДАЦИИ ЗАГРЯЗНЕНИЙ",445536.3,518800.2,442536.3,447750.1
        Еврейская автономная область,Промышленное производство (промышленность),18991624.2,21935287.3,25794621.9,27969407.3
        Чукотский автономный округ,ДОБЫЧА ПОЛЕЗНЫХ ИСКОПАЕМЫХ,65316434.2,67501554.3,14680937.9,23136924.6
        Чукотский автономный округ,ОБРАБАТЫВАЮЩИЕ ПРОИЗВОДСТВА,1023385.9,1055402.5,67342675.1,93236797.7
        Чукотский автономный округ,"ОБЕСПЕЧЕНИЕ ЭЛЕКТРИЧЕСКОЙ ЭНЕРГИЕЙ, ГАЗОМ И ПАРОМ; КОНДИЦИОНИРОВАНИЕ ВОЗДУХА",7796269.3,8805295.4,9436013.6,13620029.4
        Чукотский автономный округ,"ВОДОСНАБЖЕНИЕ; ВОДООТВЕДЕНИЕ, ОРГАНИЗАЦИЯ СБОРА И УТИЛИЗАЦИИ ОТХОДОВ, ДЕЯТЕЛЬНОСТЬ ПО ЛИКВИДАЦИИ ЗАГРЯЗНЕНИЙ",287837.2,490826.2,605490.2,647356.7
        Чукотский автономный округ,Промышленное производство (промышленность),74423926.6,77853078.4,92065116.8,130641108.4
